timestamp,id,rating,group_22,ai_track,fall_1,fall_2,fall_3,spring_1,spring_2,spring_3,is_first_time,percentile,group_213,blended_course,is_ml_student
2024-08-12 00:01:06.000,8a95d7276b95b8b9c4cf8a5b402e98617ad7452977f6e6f89dfcfc310af5e3a4,737,226.0,,Microservices Development in Go,SQL Language,Distributed Systems,Computer Networks,Go Programming Language,Industrial Programming in Java,Yes,0.1444444444444445,,,
2024-08-14 00:00:22.000,289897d0cf42b4b42c50300f94b8b86f913174ae972d96811a15b9eaa247e173,486,2210.0,,Distributed Systems,Fundamentals of Information Retrieval,Fundamentals of Computer Game Development,Recommender Systems,Advanced Topics in Machine Learning,Stochastic Analysis,Yes,0.7962962962962963,,,True
2024-08-13 18:16:33.000,01f548f29a80a6f35b8ce1bdfdf723e2ba70a9c074c2f972cdc3d1e68840867d,494,223.0,,Statistical Learning Theory,Distributed Systems,Fundamentals of Tensor Computations,Stochastic Analysis,Special Topics in Matrix Analysis,Mathematical Foundations of Neural Network Models,Yes,0.7740740740740741,,,True
2024-08-14 10:22:37.000,68e3e62f6e017e43094bb63b4dde0b0229564cece838b5f1812637c922002f80,753,225.0,,Microservices Development in Go,SQL Language,Computer Systems Security,Industrial Programming in Java,Industrial Programming in Java,Industrial Programming in Java,Yes,0.09629629629629632,,,
2024-08-14 20:52:05.000,aac63ca42c5701a219d0e4f3289e17ed3160d5a2279790e97c893800ab7230e0,685,221.0,,Types in Programming Languages,Fundamentals of Information Retrieval,Database Systems,Advanced Topics in Machine Learning,Generative Models in Machine Learning (Advanced),Time Series Modeling,Yes,0.2759259259259259,,,True
2024-08-14 14:00:32.000,537289baa993102592a23c985703df0a862e830792a7511d86efc8954d6321cf,561,222.0,,Fundamentals of Computer Game Development,Computer Systems Security,Microservices Development in Go,Generative Models in Machine Learning (Advanced),Advanced Topics in Machine Learning,Recommender Systems,Yes,0.587037037037037,,,True
2024-08-14 21:38:13.000,4e97723f8c16cecadbb439e197d7690e8a5a39a32203b58df70b5c34d5bbcf97,536,2210.0,,Computer Systems Security,SQL Language,Statistical Learning Theory,Advanced Topics in Machine Learning,Advanced Topics in Machine Learning,Advanced Topics in Machine Learning,Yes,0.6666666666666667,,,True
2024-08-12 14:01:16.000,474bb5554761abd9566666a31fcf896a36e156db6a7d37b4ae2d84f9f8ab5ab9,674,226.0,,Database Systems,Database Systems,Database Systems,Computer Networks,Quantitative Finance,Recommender Systems,Yes,0.3037037037037037,,,
2024-08-14 17:18:35.000,bcca318e644999583156ff3ab9de3d6bd02295dcb166e39006568ffe9582207b,772,228.0,1.0,Computer Systems Security,Fundamentals of Computer Game Development,SQL Language,Computer Networks,Computer Networks,Computer Networks,Yes,0.051851851851851816,,,
2024-08-15 10:51:15.000,4cfcc4987ce90ec722b8ef26265d5e3da66a2ab01025402e118c1c695548c3ee,499,2210.0,,Distributed Systems,Database Systems,Microservices Development in Go,Recommender Systems,Advanced Topics in Machine Learning,Stochastic Analysis,Yes,0.762962962962963,,,True
2024-08-14 19:53:52.000,747a049cf1602e1c0331483ae1e6a4f84b040cf10ba3a4133e52bc35868b736a,554,228.0,,Fundamentals of Information Retrieval,Statistical Learning Theory,Computer Systems Security,Linguistics for Programmers,Time Series Modeling,Applied Machine Learning,Yes,0.6129629629629629,,,True
2024-08-13 18:45:17.000,6f55e5871cd9cffb3fba8b1606eb5e33b42ebacc17b8e19d62514e31ec2592a3,458,221.0,,Functional Programming,Types in Programming Languages,Fundamentals of Information Retrieval,Time Series Modeling,Generative Models in Machine Learning (Advanced),Special Topics in Matrix Analysis,Yes,0.8740740740740741,,,True
2024-08-14 22:56:56.000,2075180735f0273260529b9e83d13e7d680270c75aa24c90d52dc32dc4e0db9d,666,225.0,,Database Systems,Operating Systems 2,Computer Systems Security,,,,Yes,0.3222222222222222,,,
2024-08-13 18:31:49.000,652ee3ccbe60a66f84890fc4506e3111e722b92ad6aa03776427d61cb641ba61,549,2210.0,1.0,Database Systems,Database Systems,Database Systems,Computer Networks,Computer Networks,Computer Networks,Yes,0.625925925925926,,,
2024-08-14 17:52:18.000,0509d2ebe6f32b1240df06926f0f5583d8278d2ddb7a3ed1872cfb35fe31c5bd,474,229.0,,SQL Language,Statistical Learning Theory,Fundamentals of Computer Game Development,Stochastic Analysis,Generative Models in Machine Learning (Advanced),Linguistics for Programmers,Yes,0.825925925925926,,,True
2024-08-14 20:41:49.000,c9822d76cb282d189ea9aa3ce92694134b0c0fb0e27ef57d0b09174a0caa47fb,590,225.0,,Distributed Systems,Operating Systems 2,Fundamentals of Tensor Computations,Combinatorial Optimization,Computer Networks,Linguistics for Programmers,Yes,0.5148148148148148,,,
2024-08-14 22:56:36.000,1ebed7a96b21d1ce0a579e461a0bd60155a0970421640eb3d2355c5a44c2fff6,455,2210.0,1.0,Database Systems,Distributed Systems,Scala Programming Language,Go Programming Language,Computer Networks,Quantitative Finance,Yes,0.8833333333333333,,,True
2024-08-14 14:42:14.000,ffe30e6b61eb3a819223305e77c276da9c373aa4a8763f24cef6aba18c260623,697,227.0,,Computer Systems Security,Applied Statistics in Machine Learning,Fundamentals of Information Retrieval,,,,Yes,0.24444444444444446,,,
2024-08-13 22:06:11.000,0d9980a9c8ab55458071eb56ee1991a35d32b33b88fe30264944f496715d52ec,692,226.0,,SQL Language,Microservices Development in Go,SQL Language,Go Programming Language,Computer Networks,Quantitative Finance,Yes,0.2592592592592593,,,
2024-08-13 10:23:16.000,43bf2fec8d21569f8ccd23cb210c678a5b7592df421da360b79ce63e9892d68d,519,2210.0,,Database Systems,Distributed Systems,Microservices Development in Go,,,,Yes,0.7092592592592593,,,
2024-08-14 22:35:10.000,6c4ada0c98dcb2c599b7300e834fe1bf731edce32dc1b8868634d787f6e97a14,463,221.0,,Database Systems,Operating Systems 2,Database Systems,Computer Networks,Data Analytics,Machine Learning 2,Yes,0.8574074074074074,,,
2024-08-14 15:24:02.000,c8884be16fc9e60461a42f6ce08001dcac7ccb0f6d9a0293ecd27c0e5a80edae,557,2210.0,,SQL Language,Computer Systems Security,Database Systems,Computer Networks,Generative Models in Machine Learning (Advanced),Machine Learning 2,Yes,0.6055555555555556,,,
2024-08-12 14:55:37.000,c34b8eccee3b21a7270de57809f80add8ed01a45be756508ff362fc4b0f7a2e4,685,225.0,,Statistical Learning Theory,Microservices Development in Go,Introduction to Data Platforms,Generative Models in Machine Learning (Advanced),Stochastic Analysis,Recommender Systems,Yes,0.2759259259259259,,,True
2024-08-12 13:07:01.000,12cf8adb8993c25f276cfa029955814fe77b2b9de5464eaa956993bc368e37ef,623,226.0,1.0,Database Systems,Database Systems,Database Systems,,,,Yes,0.43148148148148147,,,
2024-08-14 20:15:59.000,c180e1b0c27fc60682fb747a5004290c94804eb0afa638a8f42d8e1a75bcbcc5,640,226.0,,Database Systems,Database Systems,Database Systems,Computer Networks,Computer Networks,Computer Networks,Yes,0.38888888888888884,,,
2024-08-11 21:30:09.000,5d74500c681e1d17d1cbcdc107d176e770df6342999cbd9bc975671d70d5cf47,423,221.0,,Database Systems,Operating Systems 2,Computer Systems Security,Computer Networks,Industrial Programming in Java,Combinatorial Optimization,Yes,0.9740740740740741,,,
2024-08-11 22:30:37.000,9ce7660425b7435d3f5f215c3cd44e5dd1d3bcd87e46ffefd3e8d46092bc6138,416,223.0,,Functional Programming,Operating Systems 2,Types in Programming Languages,,,,Yes,0.9962962962962963,,,
2024-08-14 21:10:38.000,11daff8d676cc1cd424d403804ff0b44caa6b22e3d56f8ebe13378eac19d2805,824,227.0,,Applied Statistics in Machine Learning,SQL Language,Operating Systems 2,,,,Yes,0.0037037037037036535,,,
2024-08-13 23:34:59.000,2ecddada077c7c1569c26987099460c755588661e8b628c13eb6694f4a496902,478,221.0,,Database Systems,Microservices Development in Go,Fundamentals of Information Retrieval,Computer Networks,Computer Networks,Computer Networks,Yes,0.8166666666666667,,,
2024-08-11 23:01:34.000,9804b2d1ad973243d05cab548021c13fc50c73cc41f56edd4090438c21cba3ff,454,2210.0,,SQL Language,Decision-Making Under Risk and Uncertainty,Statistical Learning Theory,Data Analytics,Linguistics for Programmers,Applied Machine Learning,Yes,0.8888888888888888,,,True
2024-08-13 23:49:09.000,5c5ec9578bcc882c10adcc2a05ce65c85554f1ea0404e826b760006f079f0490,495,222.0,,Database Systems,Operating Systems 2,Microservices Development in Go,Computer Networks,Computer Networks,Computer Networks,Yes,0.7685185185185185,,,
2024-08-13 14:19:22.000,d74f04744d4eb4e2d3e3d01d65766ad359e2b966c9eda56f037d65e8d3a74a7d,460,226.0,,Database Systems,Database Systems,Database Systems,Computer Networks,Computer Networks,Computer Networks,Yes,0.8666666666666667,,,
2024-08-14 14:24:04.000,64554560207a068df2543023d644f244395d5edb55846dbc579afad7d2753369,626,227.0,,Distributed Systems,Functional Programming,Computer Systems Security,Deep Learning in Natural Sciences,Industrial Programming in Java,Stochastic Analysis,Yes,0.42407407407407405,,,True
2024-08-14 22:53:28.000,d41f00051219658f10ba5bd41aba050d1dfd0322507bfe21d658b0ee889b3dba,634,226.0,,Distributed Systems,Introduction to Data Platforms,Microservices Development in Go,Generative Models in Machine Learning (Advanced),Advanced Topics in Machine Learning,Recommender Systems,Yes,0.4,,,True
2024-08-16 19:49:19.000,cf079281c1d79f1da6b5799f57079fc1d185158100fdc858c37ae5584bb6b20b,701,225.0,,Database Systems,Distributed Systems,Fundamentals of Computer Game Development,,,,No,0.2240740740740741,,,
2024-08-11 21:28:42.000,b3f13f6e91d764643fc4799c246df8b32de8545c2eba711fbf427c4b9023dcf8,644,225.0,,Database Systems,Functional Programming,Computer Systems Security,,,,Yes,0.3759259259259259,,,
2024-08-14 02:09:08.000,1d613ea9345f97f01a079aa01f5c452b12a8d1bee7f02ca15253d11e72086235,586,228.0,,Database Systems,Distributed Systems,Operating Systems 2,,,,Yes,0.5222222222222221,,,
2024-08-13 14:16:13.000,e1d3bfb389fd93e4b3a245aad1a3598964169eb04ad179f5ef5a9d13ec94b65a,504,224.0,,Database Systems,Database Systems,Database Systems,Computer Networks,Computer Networks,Computer Networks,Yes,0.7444444444444445,,,
2024-08-14 01:38:27.000,7bdcf027ee0ece24cfaf122ac0b503e540020345be0fd842995c76a9c625c8dc,531,223.0,,Statistical Learning Theory,Database Systems,SQL Language,Stochastic Analysis,Time Series Modeling,Generative Models in Machine Learning (Advanced),Yes,0.6777777777777778,,,True
2024-08-14 00:35:41.000,15a368d1368e4fd9b6dc0f2bc9362f20b8cab6a543a1d67d1b8a21dc84ca5ce5,607,222.0,,Fundamentals of Computer Game Development,Database Systems,Microservices Development in Go,Go Programming Language,Industrial Programming in Java,Advanced Topics in Machine Learning,Yes,0.46851851851851856,,,
2024-08-11 23:06:40.000,e1d790906ff0aca7c175724818d29979ff663a100c85b1921c54e0b9684d0fd4,656,223.0,,Database Systems,Operating Systems 2,Microservices Development in Go,Go (Yandex School of Data Analysis),Go Programming Language,Computer Networks,Yes,0.3407407407407408,,,
2024-08-14 08:24:41.000,24bb19d6264544d577e9c50bf1bc410b6322f20b3f81029f3745996e09e66c39,618,226.0,,SQL Language,Introduction to Data Platforms,Microservices Development in Go,Advanced Topics in Machine Learning,Recommender Systems,Linguistics for Programmers,Yes,0.44259259259259254,,,True
2024-08-15 01:29:14.000,e20c5034a8aede3f14a5515ad979395d19ee79a32ce5f823329707ccb5964bfd,749,221.0,,Fundamentals of Information Retrieval,Microservices Development in Go,Introduction to Data Platforms,Data Analytics,Recommender Systems,Time Series Modeling,Yes,0.10555555555555551,,,True
2024-08-11 22:18:04.000,5b0c10396d421887721201dcbc4aa239ae369ee732e631edf6d93b0f371cd559,585,224.0,,Fundamentals of Information Retrieval,Database Systems,Computer Systems Security,Applied Machine Learning,Recommender Systems,Data Analytics,Yes,0.5296296296296297,,,True
2024-08-13 17:13:14.000,dde536ac17554315aa124ef736acf68a3b9569d5aa1f5d3e35a6f9ca55bb0b41,522,226.0,,Database Systems,Microservices Development in Go,Computer Systems Security,Computer Networks,Quantitative Finance,Industrial Programming in Java,Yes,0.7018518518518518,,,
2024-08-14 22:13:48.000,427ca3e803f65cb06fb0eed57069bcb3a010b813d524365c3d488e23fe33e14b,690,224.0,,Applied Statistics in Machine Learning,Scala Programming Language,Computer Systems Security,Generative Models in Machine Learning (Advanced),Stochastic Analysis,Quantitative Finance,Yes,0.2666666666666667,,,
2024-08-13 19:31:46.000,e6b3b61c7e6a0dcdd69e96325d12b2aa4fa8a349e2379bb0d4865e6b88d95cee,680,229.0,,Fundamentals of Computer Game Development,Fundamentals of Information Retrieval,SQL Language,Machine Learning 2,Data Analytics,Linguistics for Programmers,Yes,0.28888888888888886,,,
2024-08-14 21:37:11.000,fe90aa7a0896204cfb47d3fa8c5ee079a22a1f900b6755c3398d8559bc40c724,561,229.0,,Statistical Learning Theory,Fundamentals of Information Retrieval,SQL Language,Advanced Topics in Machine Learning,Applied Machine Learning,Data Analytics,Yes,0.587037037037037,,,True
2024-08-13 20:12:26.000,e4a048f46fdfff2a7db1486f73434494e75befe388b028bcd6923c07a7173bb6,720,2210.0,1.0,Distributed Systems,Applied Statistics in Machine Learning,Fundamentals of Computer Game Development,Machine Learning 2,Deep Learning in Natural Sciences,Advanced Topics in Machine Learning,Yes,0.18333333333333335,,,
2024-08-14 19:24:36.000,03e2f673656b6649c74d58431f7766aeba77c1dcc92fbedf14acc2e301c629aa,641,229.0,,Statistical Learning Theory,SQL Language,Functional Programming,Recommender Systems,Applied Machine Learning,Advanced Topics in Machine Learning,Yes,0.3833333333333333,,,True
2024-08-11 22:04:21.000,2c5191e00e0bad0cc0c3b3fb6e7726bcbb96eb40e08ac7e4652a66076ca9bd76,700,229.0,,Microservices Development in Go,SQL Language,Fundamentals of Computer Game Development,Data Analytics,Quantitative Finance,Time Series Modeling,No,0.2314814814814815,,,
2024-08-14 15:54:57.000,1a09d5aeac4e288fe086cee1bd4fd5e6a5621e4f2a83a623451d83f9d43b71fb,444,222.0,,Database Systems,Operating Systems 2,Microservices Development in Go,,,,Yes,0.9148148148148149,,,
2024-08-14 23:09:49.000,ccf2f5ffff60eadb84c104f9fb794b78577626fe9c18c0fbb90722d4f9cad1f5,439,224.0,,Microservices Development in Go,Scala Programming Language,Distributed Systems,Data Analytics,Recommender Systems,Applied Machine Learning,Yes,0.9277777777777778,,,True
2024-08-15 23:20:48.000,08036beac8f704653d8d9199d305f67de66317557070429a872470951f6a9904,692,229.0,,Fundamentals of Tensor Computations,Integral Equations in Mathematical Modeling,Statistical Learning Theory,,,,Yes,0.2592592592592593,,,
2024-08-13 23:59:32.000,3d580df21f9ec9b262f3cd332894390e26e25d887f152c18f41a5a4944775c25,579,228.0,1.0,Database Systems,Microservices Development in Go,Computer Systems Security,Computer Networks,Computer Networks,Industrial Programming in Java,Yes,0.5425925925925925,,,
2024-08-12 01:26:09.000,8fe4643467fe249fc6c4ee12d62e43843ab43ce47d0500c8eb2d08792dc6d3da,764,225.0,,Decision-Making Under Risk and Uncertainty,Database Systems,Applied Statistics in Machine Learning,Quantitative Finance,Linguistics for Programmers,Data Analytics,Yes,0.07037037037037042,,,
2024-08-14 20:02:44.000,1352462a334f99c93e8946ce1d230d6876b827c1941ff20269ac686723206f49,571,228.0,,Database Systems,Introduction to Data Platforms,Distributed Systems,Recommender Systems,Advanced Topics in Machine Learning,Applied Machine Learning,Yes,0.5629629629629629,,,True
2024-08-14 14:13:50.000,ea7ef403dac559ab7104360e524fabee3d9115649f1142509f6fe76b8dea7ace,611,226.0,,Statistical Learning Theory,Introduction to Data Platforms,Fundamentals of Information Retrieval,Stochastic Analysis,Generative Models in Machine Learning (Advanced),Deep Learning in Natural Sciences,Yes,0.45925925925925926,,,True
2024-08-14 21:03:42.000,c55f5783886325b777c2c86c94c59b8ad63d462654efa34703ce6b1e72db4d5c,744,228.0,,SQL Language,Microservices Development in Go,Fundamentals of Computer Game Development,Computer Networks,Industrial Programming in Java,Industrial Programming in Java,Yes,0.12962962962962965,,,
2024-08-12 10:22:40.000,604e76e66aace348832c0fa1a6144f283142281461525206a8b23da06979089c,519,229.0,,SQL Language,Statistical Learning Theory,Introduction to Data Platforms,Data Analytics,Time Series Modeling,Applied Machine Learning,Yes,0.7092592592592593,,,True
2024-08-11 22:08:13.000,28ce6a62d2662d59823af1f41722c7d83ead11c97ac499b2ea6bd0a27fa9ffde,448,221.0,,Statistical Learning Theory,Fundamentals of Tensor Computations,Functional Programming,,,,Yes,0.9018518518518519,,,
2024-08-13 16:47:30.000,bae0ebbf1acc5e974a43e56b4a707fef37eb021bb02226a0d3855450e631555f,550,222.0,,Database Systems,Functional Programming,Functional Programming,Computer Networks,Quantitative Finance,Combinatorial Optimization,Yes,0.6222222222222222,,,
2024-08-14 15:18:51.000,027ed85baa13164987f5c30f6e4bdcb9c8f6566ca2d09d7bd2e3bf4b485a7928,696,222.0,,Microservices Development in Go,Computer Systems Security,Fundamentals of Information Retrieval,Data Analytics,Applied Machine Learning,Advanced Topics in Machine Learning,Yes,0.25,,,
2024-08-11 21:40:47.000,29b1507eb0e2b983d77f399ae0f741b30177880515722e94f78e95b95e8ad9d6,591,225.0,,Database Systems,Operating Systems 2,Microservices Development in Go,Computer Networks,Computer Networks,Computer Networks,Yes,0.5111111111111111,,,
2024-08-14 23:21:07.000,0c20b37d791c8fc9dbaee20dad30d293608c83de64866ff0517d39ff398be8ee,654,222.0,,Microservices Development in Go,Database Systems,Fundamentals of Tensor Computations,Advanced Topics in Machine Learning,Recommender Systems,Generative Models in Machine Learning (Advanced),Yes,0.34444444444444444,,,True
2024-08-13 13:51:01.000,1bc2e1f524085224216265c7c7d0b8d3a08cee07783b9f061e3563cb47cc7dbb,725,228.0,,Computer Systems Security,Scala Programming Language,Microservices Development in Go,Computer Networks,Linguistics for Programmers,Generative Models in Machine Learning (Advanced),Yes,0.17222222222222228,,,
2024-08-17 15:02:56.000,d7b54bb29ab122401ffe7f56ecb0fa33d9816d18f307f78a071189069916005e,527,228.0,,SQL Language,Fundamentals of Information Retrieval,Statistical Learning Theory,,,,Yes,0.6851851851851851,,,
2024-08-14 22:55:42.000,194eaf21b52441c75d57fff447a5126b0dd1d460060e922577ec2bed8bab8677,478,222.0,,Fundamentals of Tensor Computations,Integral Equations in Mathematical Modeling,Database Systems,Special Topics in Matrix Analysis,Stochastic Analysis,Recommender Systems,Yes,0.8166666666666667,,,True
2024-08-14 19:47:58.000,7c96a6e13d55c8609adbe2e0bb6a6292187b6ee8564ad614b63d91fbbfa53382,765,229.0,,Database Systems,Microservices Development in Go,Distributed Systems,Computer Networks,Computer Networks,Computer Networks,Yes,0.06666666666666665,,,
2024-08-13 16:20:09.000,76173ca6253bbea653ac5a08a6deec665b56277a20deae5a6eb53a326297f8d0,791,226.0,,SQL Language,Fundamentals of Computer Game Development,Computer Systems Security,Go Programming Language,Industrial Programming in Java,Quantitative Finance,Yes,0.022222222222222254,,,
2024-08-11 22:15:30.000,a3e86bfe99588ed690f8a756b2be7b4575552b4056f6a62a738bfdba62853543,462,225.0,,Database Systems,Microservices Development in Go,Fundamentals of Computer Game Development,Go Programming Language,Computer Networks,Industrial Programming in Java,Yes,0.8629629629629629,,,
2024-08-13 21:47:05.000,fb428d790947bd8e527b9d2cabc7629d6039a8b8a2e42d4361a67965fdd94913,458,225.0,,Distributed Systems,Fundamentals of Information Retrieval,Statistical Learning Theory,Recommender Systems,Combinatorial Optimization,Generative Models in Machine Learning (Advanced),Yes,0.8740740740740741,,,True
2024-08-14 20:45:41.000,1ac8c3290d194ea958a120a9546b449cb6a98272011a6743f840f1d96ffe4a5f,630,225.0,,Database Systems,Operating Systems 2,Functional Programming,,,,Yes,0.4111111111111111,,,
2024-08-13 23:44:16.000,f677ce236730b156bb7ffdd7b512fd6f39a6f19586c49dcd8e585a325c977131,577,223.0,,Database Systems,Distributed Systems,Introduction to Data Platforms,Data Analytics,Quantitative Finance,Recommender Systems,Yes,0.5555555555555556,,,True
2024-08-14 18:35:57.000,4f78954d1a79b2fa3287619b48325cd207283a90b7683d6cd9b8ed05543e3986,491,229.0,,SQL Language,Microservices Development in Go,Fundamentals of Computer Game Development,Stochastic Analysis,Generative Models in Machine Learning (Advanced),Linguistics for Programmers,Yes,0.7796296296296297,,,True
2024-08-13 19:06:22.000,0e60e06f5750f8601d5fb6f3097a7e77bde69d5dcbfdd06206f17f7052018d72,428,221.0,,Database Systems,Microservices Development in Go,SQL Language,Computer Networks,Data Analytics,Industrial Programming in Java,Yes,0.9537037037037037,,,
2024-08-12 23:25:06.000,82abdfc59476a9e9b3acf5dcc0525df2fe767a0d4440fa8fd451b078dc2f5009,622,221.0,,Database Systems,Fundamentals of Information Retrieval,Types in Programming Languages,Computer Networks,Go Programming Language,Machine Learning 2,Yes,0.437037037037037,,,
2024-08-13 21:12:31.000,d80afbd958cc53a8aa18d9becbc65a3fd08866914c731926447a4d32f1ef9264,542,223.0,,Introduction to Data Platforms,SQL Language,Fundamentals of Information Retrieval,Recommender Systems,Deep Learning in Natural Sciences,Generative Models in Machine Learning (Advanced),Yes,0.6444444444444444,,,True
2024-08-14 21:11:30.000,f30b4a940152857d5cf8ad47da6276bbb89208e6935c8a704747f8567036b452,641,227.0,,Database Systems,Distributed Systems,Computer Systems Security,,,,Yes,0.3833333333333333,,,
2024-08-12 11:03:55.000,9619ce31f6c389d6ccef59ef516c170c70836fdfa592535da89f5b5f1ba5f344,500,228.0,,Database Systems,Microservices Development in Go,Computer Systems Security,,,,Yes,0.7592592592592593,,,
2024-08-14 16:20:33.000,7935540b095acdf82e4baf21202af7afaf27e4ec193766f0143a87639c136dd5,437,224.0,,Fundamentals of Tensor Computations,Statistical Learning Theory,Functional Programming,Stochastic Analysis,Generative Models in Machine Learning (Advanced),Machine Learning 2,Yes,0.9333333333333333,,,True
2024-08-13 18:41:24.000,69880c9dee0394bce1c503024d7fc64afad25fddb8981b79afb800cd84d10726,425,222.0,,Types in Programming Languages,Fundamentals of Information Retrieval,Functional Programming,,,,Yes,0.962962962962963,,,
2024-08-16 17:57:07.000,b66983b0b5afd9771ad6f44cbd6de2d7500d94fcb5e0cd9c607603cf550a21a3,661,229.0,,SQL Language,Fundamentals of Computer Game Development,Microservices Development in Go,Computer Networks,Go Programming Language,Linguistics for Programmers,Yes,0.3296296296296296,,,
2024-08-13 20:10:02.000,4c4bad53bb92a2aab1737a96568f5b78bb2d63bb400100ac075cca2fea2ddba1,682,229.0,,Database Systems,Microservices Development in Go,Distributed Systems,Computer Networks,Computer Networks,Computer Networks,Yes,0.2833333333333333,,,
2024-08-14 21:19:44.000,18b7939af7af41025f00fa7257347193f77e82ce5978836653a57729f0fe90dd,623,227.0,,Database Systems,Database Systems,Database Systems,Computer Networks,Go Programming Language,Industrial Programming in Java,Yes,0.43148148148148147,,,
2024-08-14 08:54:18.000,a22d4bef7ffd77cea1cff2ef35e701e2939924437902ce100140425db6f022e6,677,225.0,,SQL Language,Computer Systems Security,Microservices Development in Go,,,,Yes,0.2962962962962963,,,
2024-08-14 07:50:03.000,3a0f97c935ec35ef9451fe1040842c213dc3fa6b1e0a1f9ebc2e145686fae8a5,745,2210.0,,Fundamentals of Computer Game Development,Microservices Development in Go,Distributed Systems,Data Analytics,Machine Learning 2,Generative Models in Machine Learning (Advanced),Yes,0.11851851851851847,,,
2024-08-13 18:06:52.000,df680eec5ed6c654542a440825dd2fb6028b84e840258025fb687217c7f097c5,542,222.0,,Database Systems,Fundamentals of Information Retrieval,Microservices Development in Go,,,,Yes,0.6444444444444444,,,
2024-08-14 19:37:58.000,3f76e87e551dfdd4874cf07501f288c7a7fc179a463d5bd325c4a80a387ab168,725,225.0,,Database Systems,Distributed Systems,Microservices Development in Go,Computer Networks,Go Programming Language,Linguistics for Programmers,Yes,0.17222222222222228,,,
2024-08-13 23:36:40.000,94bf27da5edf5697a440240c3bfcbd12aeba697f97eb094ed333307275fcc736,637,226.0,,SQL Language,Scala Programming Language,Database Systems,Stochastic Analysis,Time Series Modeling,Advanced Topics in Machine Learning,Yes,0.3944444444444445,,,True
2024-08-14 23:02:20.000,259c47604507a8f4c2281c991b8e53ff54906e0df226424c35c677eca6ee2537,712,224.0,,Computer Systems Security,Functional Programming,Types in Programming Languages,Combinatorial Optimization,Stochastic Analysis,Quantitative Finance,Yes,0.19999999999999996,,,
2024-08-20 09:06:02.000,56fe7a974ace3d9db2907da1bcc6ff30a9556b3bf5ef835b67f919a44f9c1c99,759,227.0,1.0,SQL Language,Fundamentals of Information Retrieval,Decision-Making Under Risk and Uncertainty,Machine Learning 2,Applied Machine Learning,Recommender Systems,Yes,0.08148148148148149,,,
2024-08-14 17:45:06.000,44c9ac59a9323780b2b4e08982dd2b53a54bebc05d817db6e9915bf4ad932c24,425,225.0,,Distributed Systems,Operating Systems 2,Fundamentals of Tensor Computations,Stochastic Analysis,Time Series Modeling,Recommender Systems,Yes,0.962962962962963,,,True
2024-08-14 21:52:43.000,5d0e8207e3f62f1b9da9415e276c2e1c77a9f9e756af7d13657addda49a37eab,542,228.0,1.0,SQL Language,Introduction to Data Platforms,Fundamentals of Information Retrieval,Generative Models in Machine Learning (Advanced),Deep Learning in Natural Sciences,Stochastic Analysis,Yes,0.6444444444444444,,,True
2024-08-14 20:35:19.000,7a4c0608c95f12bd610176724ceedc6c34ed4c9df91997d978a7b882aaa0e594,566,223.0,,SQL Language,Microservices Development in Go,Fundamentals of Information Retrieval,Advanced Topics in Machine Learning,Linguistics for Programmers,Computer Networks,Yes,0.575925925925926,,,True
2024-08-14 16:34:47.000,6e30ea53445c6e0744e07989d604c5a44a96df742e204512f03def847a09081b,516,221.0,,Database Systems,Functional Programming,Microservices Development in Go,Go Programming Language,Go Programming Language,Combinatorial Optimization,Yes,0.7148148148148148,,,
2024-08-13 14:20:04.000,60e4940164f5143439ab708ecf274667bfce23c2c80fe6486bb0429d6987a161,706,221.0,,Database Systems,Types in Programming Languages,Operating Systems 2,Computer Networks,Go Programming Language,Combinatorial Optimization,No,0.2148148148148148,,,
2024-08-11 21:14:43.000,54013801d35b7652e68baa943dd0d458639ba0600a478693f60a3ce5c072ad5a,646,2210.0,,Distributed Systems,Database Systems,Operating Systems 2,Computer Networks,Go Programming Language,Quantitative Finance,Yes,0.3666666666666667,,,True
2024-08-13 16:48:47.000,81c81df2ded138c299c303f4441cfc16790f14b691b294ea9251e8f052b322d1,547,2210.0,1.0,Distributed Systems,Fundamentals of Computer Game Development,Introduction to Data Platforms,Advanced Topics in Machine Learning,Industrial Programming in Java,Deep Learning in Natural Sciences,Yes,0.6314814814814815,,,True
2024-08-14 14:50:57.000,f61d7c1761ab8a3f9168f444975243e6b9a2aa4c2be807e166ec7f7620923db1,722,229.0,,Fundamentals of Computer Game Development,SQL Language,Fundamentals of Information Retrieval,Data Analytics,Machine Learning 2,Applied Machine Learning,Yes,0.1777777777777778,,,
2024-08-14 14:01:42.000,6ebd1ea86c654d4547d993c441c7e666be45fb38c275ff6bf4937992faeae074,510,222.0,,Statistical Learning Theory,Fundamentals of Tensor Computations,Integral Equations in Mathematical Modeling,Combinatorial Optimization,Topological Data Analysis,Stochastic Analysis,Yes,0.7296296296296296,,,True
2024-08-14 14:19:17.000,533502eb0afe5af365dd0acbb190e3887a49f3cbf655fade9364816e9580b647,539,229.0,,Fundamentals of Computer Game Development,SQL Language,Fundamentals of Information Retrieval,Machine Learning 2,Recommender Systems,Applied Machine Learning,Yes,0.6592592592592592,,,
2024-08-13 20:58:16.000,b41c8c232e79a87b8df908c9df6cd5d8af490efbcc416dcbc206fb8e3087a592,541,229.0,,Introduction to Data Platforms,Fundamentals of Information Retrieval,SQL Language,Stochastic Analysis,Recommender Systems,Time Series Modeling,Yes,0.6555555555555556,,,True
2024-08-13 23:27:44.000,c90d1031fcdff500c59cab5d23132ce41a44456ca3c66cc0bb96da0dd14ab670,653,229.0,,Distributed Systems,Database Systems,Operating Systems 2,Go (Yandex School of Data Analysis),Computer Networks,Go Programming Language,Yes,0.3481481481481481,,,
2024-08-14 14:07:29.000,acdad537768c8b12ec74c3a7a6f499ae17040d92651d35db4da6f54de484fe30,739,222.0,,Distributed Systems,Fundamentals of Computer Game Development,Database Systems,,,,Yes,0.14074074074074072,,,
2024-08-14 18:42:23.000,a5e1b3610301a216e733333b7ea3e67eee33c7114195a789c90c523f45e1b07e,698,225.0,,Database Systems,Distributed Systems,Microservices Development in Go,,,,Yes,0.23888888888888893,,,
2024-08-14 21:28:20.000,0819727ae3da796c1e6fc10171bfacddebce325490b94a966c60c233d7ab924f,745,226.0,1.0,Computer Systems Security,Database Systems,Microservices Development in Go,,,,Yes,0.11851851851851847,,,
2024-08-13 16:43:26.000,5051726bee96be5128f2f343c2dd942933e5e8bcc287733d356dcde83c9a6082,582,224.0,,Microservices Development in Go,Computer Systems Security,Fundamentals of Tensor Computations,,,,Yes,0.537037037037037,,,
2024-08-14 00:06:48.000,17ae6f2c8db9c21237594b791f3a43aaec4920d876d269be32b33b18b501cb3b,561,223.0,,Database Systems,Fundamentals of Information Retrieval,SQL Language,Recommender Systems,Data Analytics,Applied Machine Learning,Yes,0.587037037037037,,,True
2024-08-11 23:53:53.000,8edbf92455432dd49c7966b801be12d587d00e8303735c15eb4218d919325b15,717,225.0,,Distributed Systems,Introduction to Data Platforms,Microservices Development in Go,,,,Yes,0.19074074074074077,,,
2024-08-14 22:09:48.000,88095cb857e1383fec81ce7fb539cc1ee7332d46e9b9982db52ee23272be1ca7,668,228.0,,Database Systems,Database Systems,Database Systems,Computer Networks,Go Programming Language,Industrial Programming in Java,Yes,0.31851851851851853,,,
2024-08-14 20:28:32.000,e4af61a6a57e0544d5b9bbf9572cd747b83067800f64c72ba2c67b72c6572678,597,228.0,,Fundamentals of Information Retrieval,Database Systems,SQL Language,,,,No,0.49629629629629635,,,
2024-08-14 23:31:06.000,b67525ebc740834dc99204047335885d1cbe26c7eb5b514e76ce1998d5c1baba,682,221.0,,Database Systems,Microservices Development in Go,Fundamentals of Computer Game Development,Go Programming Language,Computer Networks,Industrial Programming in Java,Yes,0.2833333333333333,,,
2024-08-14 19:07:26.000,ffe8d06cea1659050c082aaa85799104d7619ca0e2e500ffcf508fdc6348cdd3,542,222.0,,Distributed Systems,Scala Programming Language,SQL Language,Machine Learning 2,Time Series Modeling,Stochastic Analysis,Yes,0.6444444444444444,,,
2024-08-13 10:32:42.000,48ce59e550c02c08e908adddc105fba3f3bd3104f8893bd9569fe1485d7fd830,419,224.0,,Fundamentals of Tensor Computations,Fundamentals of Tensor Computations,Statistical Learning Theory,Stochastic Analysis,Generative Models in Machine Learning (Advanced),Mathematical Foundations of Neural Network Models,Yes,0.987037037037037,,,True
2024-08-11 21:26:26.000,22f1e637ae66b9b44455c0957867311e24bc58e6756eaa45b8a141b3c46769e0,474,226.0,1.0,Database Systems,Operating Systems 2,Computer Systems Security,Computer Networks,Go Programming Language,Industrial Programming in Java,Yes,0.825925925925926,,,
2024-08-13 00:25:29.000,5941e9999dfa09d744e52734412e4218a20048e25cf1e7e4d0cf40870727a555,446,223.0,,Statistical Learning Theory,SQL Language,Introduction to Data Platforms,,,,Yes,0.9111111111111111,,,
2024-08-20 23:24:23.000,c49ced15a77a18475d260408e4c522da4cfa5a758261236b6a9d908985e8dbaa,733,222.0,,Microservices Development in Go,Scala Programming Language,Decision-Making Under Risk and Uncertainty,Applied Machine Learning,Data Analytics,Go Programming Language,Yes,0.15555555555555556,,,
2024-08-14 19:02:15.000,29daba3b2e5e32893594d14e38848e460b2712f4ff5ca91fe5f3bedb3eb4c82c,420,221.0,,Functional Programming,Fundamentals of Tensor Computations,Statistical Learning Theory,Combinatorial Optimization,Advanced Topics in Machine Learning,Generative Models in Machine Learning (Advanced),Yes,0.9814814814814815,,,True
2024-08-14 17:50:58.000,6f431eb170fdb67c8a58121734b34f68bda77962b1a784de823fc7cee03918b5,593,222.0,,Statistical Learning Theory,Fundamentals of Tensor Computations,Applied Statistics in Machine Learning,Quantitative Finance,Time Series Modeling,Recommender Systems,Yes,0.5074074074074074,,,True
2024-08-13 13:41:00.000,e92b977b079c1b054859fe05f126172f2f9daed28a92fd20a6b425ed9f298d31,606,224.0,,Database Systems,Database Systems,Database Systems,Computer Networks,Recommender Systems,Quantitative Finance,Yes,0.4740740740740741,,,
2024-08-14 17:06:08.000,92508fe93e49574c8cba09ee1d7397397314251a52522e72726a64e7812577d3,730,2210.0,,Fundamentals of Tensor Computations,Distributed Systems,Fundamentals of Information Retrieval,Advanced Topics in Machine Learning,Special Topics in Matrix Analysis,Applied Machine Learning,Yes,0.1611111111111111,,,
2024-08-13 18:45:17.000,6f55e5871cd9cffb3fba8b1606eb5e33b42ebacc17b8e19d62514e31ec2592a3,458,221.0,,Functional Programming,Types in Programming Languages,Fundamentals of Information Retrieval,Time Series Modeling,Generative Models in Machine Learning (Advanced),Special Topics in Matrix Analysis,No,0.8740740740740741,,,True
2024-08-13 23:53:15.000,ddaf2a5025a0b6df600db0a20fc79f0dd8c77879856eef832fb5f8c288c04de1,558,2210.0,,SQL Language,Decision-Making Under Risk and Uncertainty,Computer Systems Security,,,,Yes,0.5981481481481481,,,
2024-08-15 08:01:42.000,79da3965a7836de9a314e56f4f632e7103ce3af0af5389f11bf6086dd0be75c3,807,227.0,1.0,SQL Language,Introduction to Data Platforms,Database Systems,,,,Yes,0.011111111111111072,,,
2024-08-14 18:40:52.000,617d486a8a792ec0f02e00bcdf7d63b70001af026f986a7e37168328474b9eb5,551,222.0,,Statistical Learning Theory,Introduction to Data Platforms,Fundamentals of Information Retrieval,Recommender Systems,Applied Machine Learning,Advanced Topics in Machine Learning,Yes,0.6185185185185185,,,True
2024-08-12 00:10:52.000,2ab682d14b59d373439d0c102092e2f9e7e9a72d970e8ac5d683ece9b07a3b10,554,224.0,,Database Systems,Database Systems,Database Systems,Computer Networks,Computer Networks,Computer Networks,Yes,0.6129629629629629,,,
2024-08-11 21:47:27.000,a5e9179d753e87b55c19f19c43d9c74dfd6ddfb04253eb0379c9bb543b3164b7,648,229.0,,Introduction to Data Platforms,SQL Language,Integral Equations in Mathematical Modeling,Linguistics for Programmers,Recommender Systems,Time Series Modeling,Yes,0.36296296296296293,,,True
2024-08-12 08:51:09.000,38a216d85f4f3c8513cfb211fe59cf5b5d221e54f3cee0b9f987dfc5e848706d,768,226.0,,Distributed Systems,Database Systems,Fundamentals of Computer Game Development,Data Analytics,Recommender Systems,Generative Models in Machine Learning (Advanced),Yes,0.059259259259259234,,,
2024-08-11 23:38:32.000,b3b833e6ddfcb2e5e7ad434673a47eae3fd11ab2e4cce8f8a072e2b537ce306d,468,224.0,,Statistical Learning Theory,Fundamentals of Tensor Computations,Fundamentals of Computer Game Development,,,,Yes,0.8444444444444444,,,
2024-08-14 13:03:50.000,f33c3b48804f3cfa47ba7d92115fdf5b183dda29d167cfea83980e66bd6ac9a6,470,225.0,,Database Systems,Operating Systems 2,Microservices Development in Go,Computer Networks,Industrial Programming in Java,Combinatorial Optimization,Yes,0.8407407407407408,,,
2024-08-12 21:14:14.000,43356e961c7491ef55887c470a7d1fcb69e62000fdf6603a9a62f4e016325410,1205,222.0,,Applied Statistics in Machine Learning,Fundamentals of Information Retrieval,Statistical Learning Theory,Generative Models in Machine Learning (Advanced),Time Series Modeling,Stochastic Analysis,Yes,0.0,,,True
2024-08-13 20:37:23.000,d390f301315c2c4f547b51bab02d1b3757eba6e8f5430471f780b0abefbc4d44,504,222.0,,Decision-Making Under Risk and Uncertainty,Computer Systems Security,Microservices Development in Go,Advanced Topics in Machine Learning,Recommender Systems,Time Series Modeling,Yes,0.7444444444444445,,,True
2024-08-14 18:02:26.000,8d8ae6093c87306a6ac20632b87685d627aaa65d20498b71908d7ba27467bd66,526,227.0,,SQL Language,Decision-Making Under Risk and Uncertainty,Database Systems,Data Analytics,Linguistics for Programmers,Applied Machine Learning,Yes,0.6925925925925926,,,True
2024-08-14 19:23:27.000,6e3f36529a8113c5d35e364e6a480368fb309d5ef334f008c070ec493b27e157,712,227.0,,SQL Language,Database Systems,Functional Programming,Data Analytics,Machine Learning 2,Applied Machine Learning,Yes,0.19999999999999996,,,
2024-08-12 12:17:26.000,46c7e108aaec281bcd5f953ba65c5d33d632f32a1ba204b52695abcba6284cfa,601,224.0,,Database Systems,Microservices Development in Go,SQL Language,Computer Networks,Computer Networks,Computer Networks,Yes,0.4833333333333333,,,
2024-08-15 10:29:54.000,4b05a8ad1db4653b5f51058a7b47b9a69bf4e661881bd1a57d8de4c1778a5d94,767,223.0,,Decision-Making Under Risk and Uncertainty,Scala Programming Language,Types in Programming Languages,Quantitative Finance,Data Analytics,Linguistics for Programmers,Yes,0.062962962962963,,,
2024-08-14 19:07:03.000,f8a45fae1196a7e776a6037832417f3260a63483789551c087f64efa541faf8f,712,228.0,,SQL Language,SQL Language,SQL Language,Data Analytics,Time Series Modeling,Advanced Topics in Machine Learning,Yes,0.19999999999999996,,,True
2024-08-14 13:58:45.000,ef9caea126ab32a6e2496b1f9cb633e679bb8d1bbfb1da668c4e5538ce1ddaf0,698,222.0,,Database Systems,Microservices Development in Go,Distributed Systems,Go Programming Language,Computer Networks,Data Analytics,Yes,0.23888888888888893,,,
2024-08-11 23:13:30.000,967fea9751524e4b246a0c7bc800e2e385ed4de1e244746c5e6e240fff268ac2,538,227.0,,Database Systems,Microservices Development in Go,Distributed Systems,Computer Networks,Industrial Programming in Java,Machine Learning 2,Yes,0.662962962962963,,,
2024-08-12 17:53:48.000,7c0f8e5a7a5d8a0ef1a53d656cf6e7664a662bad79d55d4f30e61d6abedb7cc9,432,222.0,,Database Systems,Database Systems,Database Systems,Computer Networks,Linguistics for Programmers,Industrial Programming in Java,Yes,0.9444444444444444,,,
2024-08-14 14:10:04.000,f7f113333d13889093b621b953dd433c4fc32617f5ffa15e270dec520172bead,532,223.0,,Database Systems,Operating Systems 2,Fundamentals of Information Retrieval,Computer Networks,Machine Learning 2,Stochastic Analysis,Yes,0.674074074074074,,,
2024-08-14 17:20:09.000,40c3044ac2c56f3b576601f705268518d3108798baacf268a7ec394c48192bef,755,225.0,,Microservices Development in Go,Functional Programming,SQL Language,Machine Learning 2,Advanced Topics in Machine Learning,Go Programming Language,Yes,0.09259259259259256,,,
2024-08-11 21:14:12.000,f20fbabbe393e5f0322e144ab20a21b987e1104f06353a000922f416120d46fc,775,2210.0,1.0,Distributed Systems,Database Systems,Microservices Development in Go,Advanced Topics in Machine Learning,Applied Machine Learning,Stochastic Analysis,Yes,0.0444444444444444,,,
2024-08-14 23:08:41.000,d1eb9eb751f5a556345cd1449e2d4e6dfd3ac6bbe60468cd38a8023cab4870df,752,229.0,,Introduction to Data Platforms,SQL Language,Database Systems,Linguistics for Programmers,Quantitative Finance,Combinatorial Optimization,Yes,0.09999999999999998,,,
2024-08-13 21:35:41.000,69c23d81afb1431da28fdec9e1edf407dbca5ab0fab273826634114d7b8cd91b,823,223.0,,Introduction to Data Platforms,Fundamentals of Tensor Computations,Fundamentals of Tensor Computations,,,,Yes,0.007407407407407418,,,
2024-08-15 00:01:19.000,483b71ae65031a193a77626b4b1668b673c821f04806e603ae0147dc178e9848,567,226.0,,Fundamentals of Information Retrieval,Microservices Development in Go,Functional Programming,Advanced Topics in Machine Learning,Recommender Systems,Applied Machine Learning,Yes,0.5685185185185185,,,True
2024-08-14 21:24:27.000,03fa81860250eb001e0eb9fa5a17835b43bab735d0aef72479ac254a235ee40f,607,227.0,,Distributed Systems,Functional Programming,Computer Systems Security,Deep Learning in Natural Sciences,Stochastic Analysis,Industrial Programming in Java,Yes,0.46851851851851856,,,True
2024-08-13 21:27:21.000,0059ff585d5dd682c681c52e0bffb9d0c2a259d2a3f71cd44b975cd00a445deb,522,229.0,,Database Systems,Database Systems,Database Systems,Computer Networks,Computer Networks,Computer Networks,Yes,0.7018518518518518,,,
2024-08-12 09:58:50.000,219253cbd3ac1bb9967100ebef6acf9eaafaf601c61ff07a3917e0cc3a298c23,597,224.0,,Database Systems,Database Systems,Database Systems,Computer Networks,Computer Networks,Computer Networks,Yes,0.49629629629629635,,,
2024-08-13 10:32:42.000,48ce59e550c02c08e908adddc105fba3f3bd3104f8893bd9569fe1485d7fd830,419,224.0,,Fundamentals of Tensor Computations,Fundamentals of Tensor Computations,Statistical Learning Theory,Stochastic Analysis,Generative Models in Machine Learning (Advanced),Mathematical Foundations of Neural Network Models,No,0.987037037037037,,,True
2024-08-14 15:24:02.000,c8884be16fc9e60461a42f6ce08001dcac7ccb0f6d9a0293ecd27c0e5a80edae,557,2210.0,,SQL Language,Computer Systems Security,Database Systems,Computer Networks,Generative Models in Machine Learning (Advanced),Machine Learning 2,No,0.6055555555555556,,,
2024-08-14 22:06:38.000,b9f5a2998bac784b392c7d70268759ca4c1a1838a0af82b65b53f727dc983a17,466,224.0,,Computer Systems Security,Statistical Learning Theory,Integral Equations in Mathematical Modeling,Mathematical Foundations of Neural Network Models,Stochastic Analysis,Generative Models in Machine Learning (Advanced),Yes,0.85,,,True
2024-08-19 06:57:46.000,2dc24dc9f0746a61093443321c0b5fe1ec00b84161af9c3fecb05927698e4f3e,455,226.0,,Database Systems,Distributed Systems,Computer Systems Security,Data Analytics,Time Series Modeling,Stochastic Analysis,Yes,0.8833333333333333,,,True
2024-08-11 21:45:25.000,08f7d2901f4ded7a554ddde63f95e12e3298b5f210942c6c2f4f0835358346b5,717,223.0,,Distributed Systems,Database Systems,Operating Systems 2,Machine Learning 2,Time Series Modeling,Computer Networks,Yes,0.19074074074074077,,,
2024-08-14 20:28:32.000,e4af61a6a57e0544d5b9bbf9572cd747b83067800f64c72ba2c67b72c6572678,597,228.0,,Fundamentals of Information Retrieval,Database Systems,SQL Language,,,,Yes,0.49629629629629635,,,
2024-08-14 23:05:56.000,e983d2478d62a9a8c15f9437fea905669fed534d99173bee135bf7cc1e8cc590,787,227.0,,Applied Statistics in Machine Learning,Database Systems,Introduction to Data Platforms,Machine Learning 2,Applied Machine Learning,Generative Models in Machine Learning (Advanced),Yes,0.029629629629629672,,,
2024-08-11 23:22:25.000,bafc40852ed6add30a20a060d92c8394c37573bf4677fa97479244dab5f66ffa,466,223.0,,Database Systems,Database Systems,Database Systems,Computer Networks,Computer Networks,Computer Networks,Yes,0.85,,,
2024-08-14 19:08:28.000,5810d568aa82457b712d0980115e37f90c49d751677e212ccba6f0573fdaec9c,586,227.0,1.0,SQL Language,Microservices Development in Go,Fundamentals of Information Retrieval,Generative Models in Machine Learning (Advanced),Recommender Systems,Time Series Modeling,Yes,0.5222222222222221,,,True
2024-08-11 21:22:52.000,5f96908e3ce5d84d693ddd79670d60cd1c6a02646aa779f46586a7699dda7c25,660,226.0,1.0,Distributed Systems,Database Systems,Microservices Development in Go,Computer Networks,Data Analytics,Industrial Programming in Java,Yes,0.33333333333333337,,,
2024-08-14 04:00:28.000,b3e7a9c4300d182d1d2a7e2891365e5e8c01ed0cbc06f00dd9d708446284d448,574,225.0,,SQL Language,Computer Systems Security,Microservices Development in Go,Recommender Systems,Machine Learning 2,Applied Machine Learning,Yes,0.5592592592592592,,,
2024-08-12 01:24:35.000,c27494c13a97647dd1f5505bfcb26bbea99a26d5379fbe0a0b90192542196a47,603,223.0,,Database Systems,Microservices Development in Go,Computer Systems Security,Computer Networks,Industrial Programming in Java,Quantitative Finance,Yes,0.47777777777777775,,,
2024-08-14 21:28:20.000,0819727ae3da796c1e6fc10171bfacddebce325490b94a966c60c233d7ab924f,745,226.0,1.0,Computer Systems Security,Database Systems,Microservices Development in Go,,,,No,0.11851851851851847,,,
2024-08-14 17:43:48.000,4714b59379d16b25688e305e1cf2049d9526623f9ce4422b17c1d32a83185a4a,448,221.0,,Distributed Systems,Statistical Learning Theory,Database Systems,Data Analytics,Recommender Systems,Generative Models in Machine Learning (Advanced),Yes,0.9018518518518519,,,True
2024-08-14 18:15:28.000,ed2b17f28f14014d17f90342b60a8c0fd55048aa91b9f8631239e010c3d4a476,451,221.0,,Statistical Learning Theory,Introduction to Data Platforms,Fundamentals of Information Retrieval,Recommender Systems,Quantitative Finance,Applied Machine Learning,Yes,0.8962962962962963,,,True
2024-08-14 21:28:56.000,f62a9863d858bacaabcde1d51c46d9bc08079d2f463fc2bfa7c30d65a696e2a6,514,224.0,,Statistical Learning Theory,Introduction to Data Platforms,Computer Systems Security,Quantitative Finance,Time Series Modeling,Recommender Systems,Yes,0.7222222222222222,,,True
2024-08-14 14:01:40.000,82743904d8b32bdd17444e5d9f27cd13eab10784ef22e438c1e6c626ced7b02c,578,227.0,,Database Systems,Microservices Development in Go,Computer Systems Security,Computer Networks,Industrial Programming in Java,Stochastic Analysis,Yes,0.55,,,
2024-08-13 11:44:51.000,70b814cd0904633fdb88bd6e383a9f0ff8120c13b9c08709d196d78eba1664ae,515,228.0,,Database Systems,Database Systems,Database Systems,Computer Networks,Industrial Programming in Java,Topological Data Analysis,Yes,0.7185185185185186,,,
2024-08-14 13:58:43.000,6a43e43c97292ddc20ee6204067168247e89eb0344adea971e18f1bebb51a212,439,222.0,,Applied Statistics in Machine Learning,Statistical Learning Theory,Database Systems,Generative Models in Machine Learning (Advanced),Computer Networks,Machine Learning 2,Yes,0.9277777777777778,,,True
2024-08-14 11:43:28.000,0c37fd689e9e666a88f9e484ac9fbe7d4aa6833761fa8e1f123656d84189f64e,630,2210.0,,Fundamentals of Computer Game Development,Microservices Development in Go,Database Systems,Data Analytics,Applied Machine Learning,Go Programming Language,Yes,0.4111111111111111,,,
2024-08-11 22:04:21.000,2c5191e00e0bad0cc0c3b3fb6e7726bcbb96eb40e08ac7e4652a66076ca9bd76,700,229.0,,Microservices Development in Go,SQL Language,Fundamentals of Computer Game Development,Data Analytics,Quantitative Finance,Time Series Modeling,Yes,0.2314814814814815,,,
2024-08-15 00:03:58.000,5529444343b629d8f4b05c6bf713e43e08bc1bc3dc51b77dd7b5c672b0f0f71c,657,227.0,,Introduction to Data Platforms,Microservices Development in Go,SQL Language,Data Analytics,Applied Machine Learning,Time Series Modeling,Yes,0.337037037037037,,,True
2024-08-13 14:33:23.000,a6ad42db3e5695a74778b213dd5114f70e8dad031ccf75e13c6d3fec408866a4,692,229.0,1.0,Database Systems,Microservices Development in Go,Distributed Systems,Computer Networks,Computer Networks,Computer Networks,Yes,0.2592592592592593,,,
2024-08-14 22:39:31.000,4c42d940db119dcad16608c7b6f0da2ef2edbbd0147ae688e2ab4cb4bbaae5e1,542,223.0,,Statistical Learning Theory,Fundamentals of Tensor Computations,Operating Systems 2,Stochastic Analysis,Generative Models in Machine Learning (Advanced),Time Series Modeling,Yes,0.6444444444444444,,,True
2024-08-13 12:34:40.000,8c1ca21fee5549346dfd65b2e360294bea165568e5c3579555c19c2b0cd47624,472,229.0,,Database Systems,Microservices Development in Go,Operating Systems 2,Computer Networks,Industrial Programming in Java,Machine Learning 2,Yes,0.8333333333333334,,,
2024-08-12 13:54:42.000,4ce51851f03b6348057293ffea12a6839a381ecf5dad911449a8346847fdd159,527,221.0,,Statistical Learning Theory,Fundamentals of Tensor Computations,Integral Equations in Mathematical Modeling,Stochastic Analysis,Stochastic Analysis,Stochastic Analysis,Yes,0.6851851851851851,,,True
2024-08-14 20:16:47.000,c975ae471801c9250e0fda2228d95d5b9e4e9a41f4596f5f5cdf56732dd68cc1,706,228.0,,SQL Language,Microservices Development in Go,Fundamentals of Computer Game Development,Computer Networks,Computer Networks,Industrial Programming in Java,Yes,0.2148148148148148,,,
2024-08-14 17:04:06.000,80b96b834083449c04429bdf8050e865c19a57edf4303274cab943470caff4b0,735,227.0,,Introduction to Data Platforms,SQL Language,Decision-Making Under Risk and Uncertainty,Data Analytics,Industrial Programming in Java,Topological Data Analysis,Yes,0.1518518518518519,,,
2024-08-12 11:21:59.000,db23f5fd8ac15a417102a936c7b8bc40dcbd40e51f77977c2172fc1c09991dd3,645,224.0,,Database Systems,Microservices Development in Go,Operating Systems 2,Computer Networks,Industrial Programming in Java,Advanced Topics in Machine Learning,Yes,0.37037037037037035,,,
2024-08-14 06:40:47.000,6280cabf2c41cb1e96ff64d66b48bbbbafc54a054f405141511783dd721db994,583,2210.0,1.0,SQL Language,Computer Systems Security,Fundamentals of Information Retrieval,Data Analytics,Advanced Topics in Machine Learning,Data Analytics,Yes,0.5333333333333333,,,
2024-08-14 16:05:01.000,e9989257f9293425a557fba5290d5c3aeeaa70eb73effeaf48131c4f7915d6fe,759,224.0,,Distributed Systems,Database Systems,SQL Language,Computer Networks,Computer Networks,Machine Learning 2,Yes,0.08148148148148149,,,
2024-08-11 22:51:52.000,e395a338ed0edbab855f397b7d4e1754b711c8ee99cd967b435eeb118ea3dc9e,508,223.0,,Database Systems,Fundamentals of Computer Game Development,SQL Language,,,,Yes,0.737037037037037,,,
2024-08-14 22:20:56.000,ca01e9dbd36a94c42ff666b842e1f0630202d9af36c1999ed4f441db80feb4f4,441,226.0,,Distributed Systems,Database Systems,Statistical Learning Theory,Stochastic Analysis,Generative Models in Machine Learning (Advanced),Computer Networks,Yes,0.9203703703703704,,,True
2024-08-14 22:08:19.000,42ef32b37d66a14a97548fbc4ef487bc7bb4ab9f53cf0dda9952b63d90ced15e,613,229.0,,Database Systems,Database Systems,Distributed Systems,Recommender Systems,Recommender Systems,Deep Learning in Natural Sciences,Yes,0.4537037037037037,,,True
2024-08-13 18:30:35.000,426626974aae5c7dacd85010d8c3482f00dd6c02166267853651d9e9f1ef65dc,558,224.0,1.0,Database Systems,Operating Systems 2,Functional Programming,,,,Yes,0.5981481481481481,,,
2024-08-12 11:13:04.000,367e09da98dec184a9e842e0e08d2cdf7a81254001fcbe851ee68d69067ce528,749,229.0,,Microservices Development in Go,Scala Programming Language,Computer Systems Security,Industrial Programming in Java,Industrial Programming in Java,Computer Networks,Yes,0.10555555555555551,,,
2024-08-15 00:00:58.000,5b2d4838bcff9030816b669c2a05c15471ad98fbd2dc3f6e0fcdc1b3d99bdc5b,613,226.0,,Fundamentals of Information Retrieval,Microservices Development in Go,Functional Programming,,,,Yes,0.4537037037037037,,,
2024-08-12 15:34:31.000,4ccf2c54e9812d4af34a8e4ca68bd98966a9178ed4f854e5fe4b87950b2dee9f,471,226.0,,Database Systems,Distributed Systems,Fundamentals of Tensor Computations,Stochastic Analysis,Generative Models in Machine Learning (Advanced),Recommender Systems,Yes,0.837037037037037,,,True
2024-08-13 20:27:50.000,bb60332cf93cbf4d27df6ddd93710e849efb002c653eba2dfcec53fa3517e5d9,447,227.0,,Statistical Learning Theory,Database Systems,Computer Systems Security,Generative Models in Machine Learning (Advanced),Stochastic Analysis,Recommender Systems,Yes,0.9074074074074074,,,True
2024-08-14 22:30:37.000,9dbe68f43e710d13c9a2a99b4908f525d78acc358fb83bfe0b8de6ff6512f272,644,228.0,,Types in Programming Languages,Functional Programming,Fundamentals of Information Retrieval,Computer Networks,Industrial Programming in Java,Linguistics for Programmers,Yes,0.3759259259259259,,,
2024-08-14 23:51:19.000,97455e75bc76a137f9fab7e66d26bc1c1aa9df065059b16099b54418522663be,487,229.0,,Statistical Learning Theory,Distributed Systems,SQL Language,Reinforcement Learning (Yandex School of Data Analysis),Generative Models in Machine Learning (Advanced),Data Analytics,Yes,0.7925925925925926,,,True
2024-08-14 17:31:01.000,e791cb4f8a2c28464fcc6d852935348c3efad09dc99d61cad85def46dfa83c6a,527,229.0,,Database Systems,Microservices Development in Go,Operating Systems 2,Computer Networks,Generative Models in Machine Learning (Advanced),Machine Learning 2,Yes,0.6851851851851851,,,
2024-08-12 13:15:53.000,a30be269d09b6427b5a005cd2fec03276ffd416d377a9e17b03e6e7059ce4201,428,222.0,,Distributed Systems,Statistical Learning Theory,Fundamentals of Information Retrieval,Stochastic Analysis,Time Series Modeling,Combinatorial Optimization,Yes,0.9537037037037037,,,True
2024-08-14 14:29:05.000,1831f5bb344e828af3bdfa111edba410fcbbb16fdd37bb7ee222f61f9974b1c6,736,226.0,,SQL Language,Database Systems,Computer Systems Security,Computer Networks,Quantitative Finance,Linguistics for Programmers,Yes,0.14814814814814814,,,
2024-08-14 20:24:40.000,a95e1380c57ca8e27edda11868d965c414baff599aef5eea7783c5ac77c2c26e,510,226.0,,Microservices Development in Go,Distributed Systems,Fundamentals of Tensor Computations,Advanced Topics in Machine Learning,Stochastic Analysis,Recommender Systems,Yes,0.7296296296296296,,,True
2024-08-14 22:03:59.000,9cbabbad25a56d83505e83d71431392f0ded032740050e726156e8ce9ba43d9d,610,227.0,,SQL Language,Decision-Making Under Risk and Uncertainty,Statistical Learning Theory,Data Analytics,Quantitative Finance,Recommender Systems,Yes,0.4629629629629629,,,
2024-08-11 21:15:45.000,a900ee49379edbf0bd36a870ebb45d2c44627e9d0f1b986a08b7f09923f5a83e,566,226.0,,Database Systems,Microservices Development in Go,Decision-Making Under Risk and Uncertainty,Computer Networks,Industrial Programming in Java,Recommender Systems,Yes,0.575925925925926,,,
2024-08-13 22:14:43.000,e5a2c99d2cc1953f0c77ac8df310215712fcc0999d2685b35d835be4b854c574,436,229.0,,Database Systems,Operating Systems 2,Fundamentals of Computer Game Development,Computer Networks,Industrial Programming in Java,Industrial Programming in Java,Yes,0.937037037037037,,,
2024-08-12 22:36:03.000,b2afb56d21e218c02b1b76f8ec98314a0352ebe73cfc25818d0fabb0524c989f,586,221.0,,Database Systems,Microservices Development in Go,Functional Programming,,,,Yes,0.5222222222222221,,,
2024-08-14 13:31:09.000,f636b01092bb56b929a495ddf03d468c9197cb08051827728ac0b0ad54ab7eac,495,224.0,,Computer Systems Security,SQL Language,Database Systems,Time Series Modeling,Applied Machine Learning,Advanced Topics in Machine Learning,Yes,0.7685185185185185,,,True
2024-08-11 21:14:37.000,70b7847978323ede047ee884261c905e192cb5afff2a841029a278b10626710d,441,224.0,,Database Systems,Database Systems,Database Systems,Computer Networks,Computer Networks,Computer Networks,Yes,0.9203703703703704,,,
2024-08-14 22:39:58.000,3934430ae8df4a6fb466e8a51222127b5413a047208e3f3d89f81ef5d5b9fe64,599,223.0,,Statistical Learning Theory,Fundamentals of Tensor Computations,Fundamentals of Information Retrieval,,,,Yes,0.48888888888888893,,,
2024-08-13 22:05:25.000,20ae91f2bbfeb90cee79616619d4c624faadcc24ad55f23e3b49c1ce4954f9e6,763,2210.0,,Fundamentals of Computer Game Development,SQL Language,Fundamentals of Information Retrieval,Data Analytics,Machine Learning 2,Go Programming Language,Yes,0.07407407407407407,,,
2024-08-12 19:38:50.000,baec53d7fc5bd7f0a848535d22da5f0956dbe11cef75c49e36d2aad6edf4e07f,662,221.0,,Database Systems,Operating Systems 2,Microservices Development in Go,,,,Yes,0.32592592592592595,,,
2024-08-14 17:45:06.000,44c9ac59a9323780b2b4e08982dd2b53a54bebc05d817db6e9915bf4ad932c24,425,225.0,,Distributed Systems,Operating Systems 2,Fundamentals of Tensor Computations,Stochastic Analysis,Time Series Modeling,Recommender Systems,No,0.962962962962963,,,True
2024-08-13 18:25:49.000,c05c2f06df83f08010622822ed863c4c18926aebdba2bd158cdc4ae7c4ed2ebf,510,228.0,,Database Systems,Microservices Development in Go,SQL Language,Go Programming Language,Computer Networks,Computer Networks,Yes,0.7296296296296296,,,
2024-08-14 21:28:54.000,89a7e84d609e92c260af2230c8154995b7644f86a41fbe6ecb5940cb5c895ced,672,223.0,,Introduction to Data Platforms,SQL Language,Scala Programming Language,Advanced Topics in Machine Learning,Generative Models in Machine Learning (Advanced),Stochastic Analysis,Yes,0.3111111111111111,,,True
2024-08-12 05:00:44.000,ba30bb958c9ccc35ab47b40912c9c4d8adafd2963e13daf8d5d381f15f371c9b,773,2210.0,,Applied Statistics in Machine Learning,Fundamentals of Tensor Computations,Statistical Learning Theory,Advanced Topics in Machine Learning,Generative Models in Machine Learning (Advanced),Deep Learning in Natural Sciences,Yes,0.04814814814814816,,,
2024-08-14 23:57:02.000,0ccc2dc9ea890ebb6b3006aa8f1b56c67751fc2622bafb6f5c2b65832801e8a6,601,228.0,,Fundamentals of Information Retrieval,Introduction to Data Platforms,Database Systems,Recommender Systems,Generative Models in Machine Learning (Advanced),Data Analytics,Yes,0.4833333333333333,,,True
2024-08-11 21:29:12.000,69ea954d938dbd9cace5b482463a6636b61fb0765425321e71d68e63512f7913,689,221.0,,Computer Systems Security,Microservices Development in Go,Fundamentals of Computer Game Development,,,,Yes,0.27037037037037037,,,
2024-08-14 18:36:37.000,c57e331c5216d84b00b3446eb79895f04dd0a0ff688395a2a55ce0a153eb0a6d,771,228.0,1.0,Database Systems,Introduction to Data Platforms,SQL Language,,,,Yes,0.05555555555555558,,,
2024-08-14 21:07:57.000,866bd578f1298ca1e8787911ec71261a1cc6b1edda056f27d1decad558994723,503,221.0,,Statistical Learning Theory,Introduction to Data Platforms,Distributed Systems,Recommender Systems,Stochastic Analysis,Mathematical Foundations of Neural Network Models,Yes,0.7518518518518519,,,True
2024-08-15 00:02:07.000,579e631fd2db561ccea7c3630e8717efa2b6bc5108d23d455f7970d4f7f15d8e,756,227.0,1.0,Fundamentals of Information Retrieval,Introduction to Data Platforms,SQL Language,Go Programming Language,Advanced Topics in Machine Learning,Generative Models in Machine Learning (Advanced),Yes,0.0888888888888889,,,True
2024-08-13 23:36:05.000,640ce90ffece36db39846f264509e9276947ba7282edcad81c546e2793ade76a,424,223.0,,Statistical Learning Theory,Decision-Making Under Risk and Uncertainty,Functional Programming,Stochastic Analysis,Mathematical Foundations of Neural Network Models,Special Topics in Matrix Analysis,Yes,0.9703703703703703,,,True
2024-08-13 19:44:31.000,3ac99968900ca56bf6cd1cdec966d293affd36508e150838db3ae3274be9b4d7,594,2210.0,,Computer Systems Security,SQL Language,Microservices Development in Go,Advanced Topics in Machine Learning,Recommender Systems,Machine Learning 2,Yes,0.5037037037037038,,,
2024-08-13 18:37:42.000,f000c323c181779ceea1e21b7063e744a5aa023441efe6be97c61abec3d8c513,488,227.0,,Introduction to Data Platforms,SQL Language,Fundamentals of Information Retrieval,Recommender Systems,Generative Models in Machine Learning (Advanced),Applied Machine Learning,Yes,0.7888888888888889,,,True
2024-08-14 12:41:57.000,48063f2b2d60f5a28901923e86746f96122326d90baebea750ecc404095fe9c1,730,221.0,,Distributed Systems,Statistical Learning Theory,Database Systems,,,,Yes,0.1611111111111111,,,
2024-08-12 22:03:04.000,4e39d067ee5b8eb8fb163486f72d89fa735b0fd5a32c357041269be8e7389e03,669,224.0,,Distributed Systems,Database Systems,Fundamentals of Information Retrieval,Computer Networks,Recommender Systems,Data Analytics,Yes,0.31481481481481477,,,
2024-08-13 19:26:10.000,0371f1e9746b55e981d200dbc94929d95e6629295cbe43cace648d4ef7782ca9,547,225.0,,Distributed Systems,Statistical Learning Theory,Microservices Development in Go,,,,Yes,0.6314814814814815,,,
2024-08-11 21:30:02.000,353926836033fb1c54c1cf4c9500acea8857a00af4070055e42cfab12d5994d0,490,221.0,,Statistical Learning Theory,Fundamentals of Tensor Computations,Distributed Systems,Recommender Systems,Stochastic Analysis,Time Series Modeling,Yes,0.7851851851851852,,,True
2024-08-11 21:53:40.000,5f994b498fda5455f167711c5c18d085977298f6dba1a2fb8bbdc552dc47fc9f,650,2210.0,,Database Systems,Microservices Development in Go,Operating Systems 2,Computer Networks,Computer Networks,Computer Networks,Yes,0.35370370370370374,,,
2024-08-13 10:17:07.000,9cd7d89336c6da380fb89dac30aba109633fada9b5926d0a22919ad02dee6794,740,225.0,,Database Systems,Fundamentals of Information Retrieval,Computer Systems Security,Computer Networks,Go Programming Language,Quantitative Finance,Yes,0.13703703703703707,,,
2024-08-15 15:07:48.000,b4a37ec25f0ed1ca05ced8350c480ed51b7e39eac830e239ec1f305aab396d94,578,229.0,,SQL Language,Decision-Making Under Risk and Uncertainty,Statistical Learning Theory,Linguistics for Programmers,Time Series Modeling,Stochastic Analysis,Yes,0.55,,,True
2024-08-14 12:57:03.000,522ab87fdee645a54f716386619e6c47387aed2ef3fa69ed99191a3c5169d97c,432,228.0,,Distributed Systems,Computer Systems Security,Decision-Making Under Risk and Uncertainty,Recommender Systems,Applied Machine Learning,Computer Networks,Yes,0.9444444444444444,,,True
2024-08-11 22:14:10.000,330df17dbb7c4f0651d6ced20f90d8147824f130c8dce33facb0463a9d32ed14,788,227.0,1.0,Database Systems,Operating Systems 2,Computer Systems Security,,,,Yes,0.025925925925925908,,,
2024-08-14 18:02:18.000,728f5ea9a475b008e3fd66e7cf5fc24a0a0ab1c9d1220b162204f93597287a3e,745,2210.0,,Fundamentals of Computer Game Development,Fundamentals of Information Retrieval,SQL Language,Data Analytics,Advanced Topics in Machine Learning,Quantitative Finance,Yes,0.11851851851851847,,,
2024-08-13 15:57:33.000,9346283793dd7227dd4a6089c6c1c9b2431844a9ff43895d05870b90d36f3fb8,649,2210.0,,SQL Language,Database Systems,Distributed Systems,Advanced Topics in Machine Learning,Linguistics for Programmers,Recommender Systems,Yes,0.3592592592592593,,,True
2024-08-18 14:53:21.000,afcd52c59f1bfedcd5415fbdf19cb410e68de8a37687d8f5e98b148319a319a9,630,226.0,,Introduction to Data Platforms,Statistical Learning Theory,Fundamentals of Tensor Computations,Generative Models in Machine Learning (Advanced),Data Analytics,Applied Machine Learning,No,0.4111111111111111,,,True
2024-08-14 13:56:46.000,6f716c137ef7a75aabe9b5cc4cda4c7523f02da57b94c52bffcbf1c837af48d0,567,222.0,,Fundamentals of Computer Game Development,Computer Systems Security,Microservices Development in Go,Mathematical Foundations of Neural Network Models,Combinatorial Optimization,Advanced Topics in Machine Learning,Yes,0.5685185185185185,,,True
2024-08-15 15:54:45.000,e776b1ffeeca514bd0ab8546eea317d65e76a29481028ec3eb23ef413a4c60ab,795,227.0,,Fundamentals of Computer Game Development,SQL Language,Decision-Making Under Risk and Uncertainty,Data Analytics,Machine Learning 2,Recommender Systems,Yes,0.01851851851851849,,,
2024-08-14 23:01:03.000,16ce06ea14497236f485efe3733cf2eea390d6117c82004d2892abeb9087204b,673,225.0,,SQL Language,Fundamentals of Information Retrieval,Types in Programming Languages,Time Series Modeling,Data Analytics,Quantitative Finance,Yes,0.30740740740740746,,,True
2024-08-20 11:28:32.000,274f10a994f43939375bdfb3b3ac237243c75e9da2082b4aa921189c34f7a11d,696,229.0,,Applied Statistics in Machine Learning,Microservices Development in Go,Introduction to Data Platforms,Generative Models in Machine Learning (Advanced),Recommender Systems,Advanced Topics in Machine Learning,Yes,0.25,,,
2024-08-13 12:09:07.000,a16e5864ac1b43531899561b6ce50cb3b6407b4e2e2cad3a29da2cb6ebcb2806,524,223.0,,Fundamentals of Information Retrieval,SQL Language,Computer Systems Security,Recommender Systems,Generative Models in Machine Learning (Advanced),Deep Learning in Natural Sciences,Yes,0.6962962962962963,,,True
2024-08-12 23:06:07.000,64ee055279deae546bf3caba70437a3fe4c4e7c36b77558d778aa95638ac20b2,535,224.0,,Introduction to Data Platforms,Distributed Systems,Fundamentals of Information Retrieval,Advanced Topics in Machine Learning,Recommender Systems,Linguistics for Programmers,Yes,0.6703703703703704,,,True
2024-08-13 22:56:34.000,fd9e56667275c376fd4349cbc7d049bf77d0602a6b3aacf106b2d102f5c53026,650,229.0,,SQL Language,Statistical Learning Theory,Fundamentals of Tensor Computations,Generative Models in Machine Learning (Advanced),Applied Machine Learning,Stochastic Analysis,Yes,0.35370370370370374,,,True
2024-08-12 19:54:42.000,372e990521df9488f677d38637768366b075e63821bb34a48897c3e8b32651bf,561,226.0,,Database Systems,Microservices Development in Go,Distributed Systems,Computer Networks,Computer Networks,Computer Networks,Yes,0.587037037037037,,,
2024-08-14 23:58:06.000,768e945bb2dec8d5cbb751f4698371ca1b2e322f6f7bf6f08e598da3e854b435,745,227.0,,Fundamentals of Information Retrieval,Introduction to Data Platforms,Statistical Learning Theory,Recommender Systems,Stochastic Analysis,Generative Models in Machine Learning (Advanced),Yes,0.11851851851851847,,,True
2024-08-14 18:55:36.000,93bd09ce2dc45ef0253d1a241062ddaacf9396c85a405e02f4d9900d4a36da87,728,221.0,,Microservices Development in Go,Scala Programming Language,Statistical Learning Theory,,,,Yes,0.16666666666666663,,,
2024-08-14 23:58:39.000,7fd03b0936b01b7014e040aefc865701dc95cc3ea9e7d67f0c06a23afcfbe5dd,618,222.0,,Distributed Systems,Operating Systems 2,Computer Systems Security,Recommender Systems,Advanced Topics in Machine Learning,Time Series Modeling,Yes,0.44259259259259254,,,True
2024-08-14 20:22:32.000,ecdfb01587911e0126aaef721541a52273b28182a07d5def04b7fc14a131c2fe,474,228.0,1.0,Fundamentals of Information Retrieval,Applied Statistics in Machine Learning,Microservices Development in Go,Recommender Systems,Stochastic Analysis,Applied Machine Learning,Yes,0.825925925925926,,,True
2024-08-11 22:00:34.000,67b8a000ad9ca08c4c3cba1aee15649119dd2c850bf1b84b2ed0bab0db055a68,637,222.0,,Applied Statistics in Machine Learning,Applied Statistics in Machine Learning,Applied Statistics in Machine Learning,Machine Learning 2,Stochastic Analysis,Time Series Modeling,Yes,0.3944444444444445,,,
2024-08-14 21:32:45.000,e4e2e15d303077ddfa18a301bc273cc45e6beb7534c6d5c7d92116d862e5efa6,480,229.0,,Statistical Learning Theory,Fundamentals of Information Retrieval,SQL Language,Advanced Topics in Machine Learning,Applied Machine Learning,Data Analytics,Yes,0.8111111111111111,,,True
2024-08-18 15:06:14.000,afcd52c59f1bfedcd5415fbdf19cb410e68de8a37687d8f5e98b148319a319a9,630,226.0,,Database Systems,Statistical Learning Theory,Distributed Systems,Generative Models in Machine Learning (Advanced),Data Analytics,Applied Machine Learning,No,0.4111111111111111,,,True
2024-08-14 22:27:30.000,6b286e3b92577d9b741431f07989181afd4bc70b5196a2e74916b785b38ced29,502,229.0,,SQL Language,Decision-Making Under Risk and Uncertainty,Statistical Learning Theory,Linguistics for Programmers,Advanced Topics in Machine Learning,Time Series Modeling,Yes,0.7555555555555555,,,True
2024-08-14 18:26:38.000,33e92709537761c3230b452c2d126838839d0b786a855380966899671669dcbd,720,227.0,,Database Systems,Fundamentals of Computer Game Development,SQL Language,Computer Networks,Applied Machine Learning,Go Programming Language,Yes,0.18333333333333335,,,
2024-08-13 09:42:45.000,0578ded9dcd7f01899f2b025aa4da43e8145bc8abc074fb78535132bc7c257a9,676,225.0,,Distributed Systems,SQL Language,SQL Language,Stochastic Analysis,Stochastic Analysis,Time Series Modeling,Yes,0.30000000000000004,,,True
2024-08-14 22:25:02.000,30f01eea526bc1820b97f029121295046da34dd680a08717509ca5a2f3b4815d,759,228.0,,SQL Language,Computer Systems Security,Database Systems,Computer Networks,Linguistics for Programmers,Generative Models in Machine Learning (Advanced),Yes,0.08148148148148149,,,
2024-08-12 17:53:48.000,7c0f8e5a7a5d8a0ef1a53d656cf6e7664a662bad79d55d4f30e61d6abedb7cc9,432,222.0,,Database Systems,Database Systems,Database Systems,Computer Networks,Linguistics for Programmers,Industrial Programming in Java,No,0.9444444444444444,,,
2024-08-13 19:19:34.000,5e146e05e41c9839e80b70d892167312585069e635f333cf59263ee227b89092,421,221.0,,Functional Programming,Types in Programming Languages,Fundamentals of Information Retrieval,Generative Models in Machine Learning (Advanced),Stochastic Analysis,Special Topics in Matrix Analysis,Yes,0.9777777777777777,,,True
2024-08-14 23:48:35.000,6e1190bb70002259960601e0c4984c1c068a2d88c508f546a5f9dea676342143,799,227.0,,Computer Systems Security,Introduction to Data Platforms,Database Systems,Machine Learning 2,Data Analytics,Go Programming Language,Yes,0.014814814814814836,,,
2024-08-11 22:22:34.000,afec8e73fdb8986842dcb4c5aec0cb0bb1decaae0fff5dafbfc3e9f6be4c4fc0,617,228.0,,Distributed Systems,Database Systems,Microservices Development in Go,Computer Networks,Industrial Programming in Java,Industrial Programming in Java,Yes,0.4481481481481482,,,
2024-08-13 09:15:21.000,a94cd240628c2dde48bcfa34c779779b91b5978972a1478466470c79ebab1540,741,225.0,,Microservices Development in Go,SQL Language,Database Systems,Computer Networks,Industrial Programming in Java,Data Analytics,Yes,0.1333333333333333,,,
2024-08-14 21:26:32.000,1a265e9471b283ce9fb427a8935a1acfbd037c7915aee9fdcb38f33b099456ca,484,224.0,,Computer Systems Security,Applied Statistics in Machine Learning,Fundamentals of Tensor Computations,,,,Yes,0.8,,,
2024-08-14 17:21:37.000,6828d0f6015f0cdead83f4aa7277908a5ec829e9d4c351e219421adb7c39d440,781,228.0,,Computer Systems Security,Fundamentals of Computer Game Development,SQL Language,Computer Networks,Computer Networks,Computer Networks,Yes,0.040740740740740744,,,
2024-08-13 14:20:04.000,60e4940164f5143439ab708ecf274667bfce23c2c80fe6486bb0429d6987a161,706,221.0,,Database Systems,Types in Programming Languages,Operating Systems 2,Computer Networks,Go Programming Language,Combinatorial Optimization,Yes,0.2148148148148148,,,
2024-08-14 20:22:02.000,e3123e1128dd411f538a7cfc053941e14dcf37c02aad5f9eced286452d3ec05c,504,228.0,,Fundamentals of Information Retrieval,Database Systems,Statistical Learning Theory,Recommender Systems,Advanced Topics in Machine Learning,Applied Machine Learning,Yes,0.7444444444444445,,,True
2024-08-14 20:28:20.000,81d83ca507c9008d04ef9b2660cd0f93389eaebdf3c6105ce445e2b193d762ef,463,222.0,,Types in Programming Languages,Functional Programming,Fundamentals of Information Retrieval,Combinatorial Optimization,Special Topics in Matrix Analysis,Machine Learning 2,Yes,0.8574074074074074,,,
2024-08-14 15:21:31.000,be9535b2b536b657f56210df5274fe9127cbfeb03038440088e833f6630eb67e,783,227.0,,SQL Language,Database Systems,Fundamentals of Computer Game Development,Data Analytics,Quantitative Finance,Linguistics for Programmers,Yes,0.03518518518518521,,,
2024-08-14 12:52:28.000,a887673b45ddf0c8473210e11a0b86f747b554b9791197e882a242ec9b778276,626,229.0,,SQL Language,Fundamentals of Information Retrieval,Microservices Development in Go,,,,Yes,0.42407407407407405,,,
2024-08-14 15:38:42.000,ba6aeec35c518ef0ef22a92dff1e65d42735cd7f9cd54bde2fad1d4defaa2c17,491,227.0,1.0,SQL Language,Database Systems,Microservices Development in Go,,,,Yes,0.7796296296296297,,,
2024-08-13 21:28:49.000,a8b05a6e0b2cfe14d3f43dccbbb2104451380d4c310c81f460f7e6fd0a40280e,678,228.0,,Database Systems,Operating Systems 2,Fundamentals of Information Retrieval,Computer Networks,Computer Networks,Computer Networks,Yes,0.2925925925925926,,,
2024-08-13 19:18:46.000,4bf283dde0d10c6e0d4dd9f414dbccc2013136691632d0e3a7ec92afa32544e1,709,228.0,1.0,Statistical Learning Theory,Fundamentals of Tensor Computations,SQL Language,Advanced Topics in Machine Learning,Time Series Modeling,Generative Models in Machine Learning (Advanced),Yes,0.20740740740740737,,,True
2024-08-14 22:08:22.000,60553144cbe31126977f8493bb151028cc76e0112f543730075380d9f901ef3b,783,227.0,,Introduction to Data Platforms,Database Systems,SQL Language,Data Analytics,Go Programming Language,Linguistics for Programmers,Yes,0.03518518518518521,,,
2024-08-14 03:57:52.000,1a5edbf8181b2d2bde6b42dbd51c8618796758682d37538445eb54f0aeb8b362,417,221.0,,Distributed Systems,Database Systems,Operating Systems 2,Go Programming Language,Data Analytics,Computer Networks,Yes,0.9925925925925926,,,True
2024-08-16 19:49:19.000,cf079281c1d79f1da6b5799f57079fc1d185158100fdc858c37ae5584bb6b20b,701,225.0,,Database Systems,Distributed Systems,Fundamentals of Computer Game Development,,,,Yes,0.2240740740740741,,,
2024-08-11 22:21:29.000,b83a61e0fb2b8045ee174646e7f78188f719a480056ba9a01af2d8ff22559aac,483,225.0,,Statistical Learning Theory,Fundamentals of Computer Game Development,Fundamentals of Tensor Computations,Generative Models in Machine Learning (Advanced),Time Series Modeling,Linguistics for Programmers,Yes,0.8037037037037037,,,True
2024-08-14 20:22:13.000,f7ac5672f8d37d26200f773d632ae66487b15380a5425deda12d6f398d98bc5f,452,228.0,,Fundamentals of Information Retrieval,Database Systems,Microservices Development in Go,Recommender Systems,Advanced Topics in Machine Learning,Applied Machine Learning,Yes,0.8925925925925926,,,True
2024-08-13 15:46:50.000,096b6c33dc664316be9b5995cf1d1b2ecd490ecf80e78f535d65391ff1a09e96,630,2210.0,,Database Systems,Fundamentals of Information Retrieval,Operating Systems 2,Go Programming Language,Linguistics for Programmers,Recommender Systems,Yes,0.4111111111111111,,,
2024-08-13 22:56:03.000,47e3fb70cdeca3e23ec2bff340ab5e8e8053310337cdfefc145c45de16e872f1,579,2210.0,1.0,SQL Language,Computer Systems Security,Decision-Making Under Risk and Uncertainty,Advanced Topics in Machine Learning,Generative Models in Machine Learning (Advanced),Applied Machine Learning,Yes,0.5425925925925925,,,True
2024-08-13 22:04:51.000,fa7030f36c81ad8bc8924d8b7ad547cc037f6eb2f5a257b4f9d657d11b237659,482,225.0,,Database Systems,Microservices Development in Go,Operating Systems 2,Computer Networks,Industrial Programming in Java,Machine Learning 2,Yes,0.8074074074074074,,,
2024-08-12 22:39:56.044,04d6a9ba366ecb91599b034bffd658190a26ffb50a98627854366af9a33073a0,1456,,,Self-supervised Learning,Diffusion-Based Generative Models,Deep Learning for Text Data,Efficient Deep Learning Systems,Stochastic Analysis,Generative Models in Machine Learning,Yes,0.053459119496855334,213.0,Competitive Data Analysis,True
2024-08-11 22:20:37.000,79c832498df0572a38f095bd7d11d1b9cb724da6c2ffb693d6ed2aa61071556d,1038,,,Deep Learning for Audio Processing,Transformer and Multimodal Models,Deep Learning for Audio Processing,Efficient Deep Learning Systems,Stochastic Analysis,Efficient Deep Learning Systems,No,0.7358490566037736,211.0,ML System Design,True
2024-08-17 15:16:39.459,ce32bd8723aaea1c825fdf83e1b9ba34bfee956d67c154a0907118c111d663a3,1392,,,Types in Programming Languages,Fundamentals of Information Retrieval,Complex Systems Theory,Theory and Practice of Online Experiments,Symbolic Computation,Efficient Deep Learning Systems,Yes,0.14465408805031443,214.0,Competitive Data Analysis,
2024-08-13 23:08:25.000,40fa220a3391298156a31b3f37aced6f9b0becaabdaf2d61d2afa058e9ee2281,1135,,,Operating Systems 2,Computer Systems Security,Fundamentals of Computer Game Development,Industrial Programming in Haskell,Media Data Compression and Transmission Methods,Decentralized Systems,Yes,0.5849056603773585,2110.0,Security of LLM-Based Systems,
2024-08-14 19:36:16.188,0b66b14bc0fae70f998b76662b70ae2006c2f1ae363534a1aa537620d81aa966,923,,,Bayesian Methods in Machine Learning,Diffusion-Based Generative Models,Self-supervised Learning,Media Data Compression and Transmission Methods,Mathematical Foundations of Neural Network Models,3D Computer Vision,Yes,0.9371069182389937,212.0,ML System Design,True
2024-08-14 15:22:20.000,91110fa5d27b3d8de4dee3ddc92054aecdb98549290db30899acf5d01f60dff9,1318,,,Fundamentals of Computer Game Development,Types in Programming Languages,Introduction to Data Platforms,Symbolic Computation,Efficient Deep Learning Systems,Efficient Deep Learning Systems,Yes,0.2704402515723271,218.0,Competitive Data Analysis,
2024-08-14 23:43:20.024,f883d3524259c01a9f7bd0e68fef7d2536ce765544b268e165b771369291c5b2,1061,,,Operating Systems 2,Systems Design,Systems Design,Industrial Programming in Haskell,Industrial Programming in Haskell,Decentralized Systems,Yes,0.6981132075471699,215.0,Zero-Knowledge Proof Protocols,
2024-08-14 19:02:34.000,85cc073a9d0fc028bc28360976d39c0c2205131f9cf68d374a7eb7ba83cd6a84,1122,,,Deep Learning for Audio Processing,Bayesian Methods in Machine Learning,Deep Learning for Text Data,Reinforcement Learning,Efficient Deep Learning Systems,Modern Language Models,Yes,0.6037735849056604,215.0,Introduction to Differential Geometry,True
2024-08-14 23:28:22.277,314de194384c19e5eb7de41a1d4907bdb7003c0ebba1b5395f3adc6089e5585e,1415,,,Systems Design,Fundamentals of Information Retrieval,Computer Systems Security,Decentralized Systems,Deploying ML Models in High-Load Systems,Industrial Programming in Haskell,Yes,0.1132075471698113,2110.0,ML System Design,
2024-08-13 16:52:43.000,1455c96a8ac68b652b1ff7035014c149def1a086998fd8d07430b4b17bf169e5,1453,,,Computer Systems Security,Fundamentals of Computer Game Development,Types in Programming Languages,Theory and Practice of Online Experiments,Conflict and Cooperation (taught in English),Theory and Practice of Online Experiments,Yes,0.06289308176100628,218.0,Product Approach to Data Analysis,
2024-08-14 10:27:31.000,01d7c005dacd8c0be29bae8672b92be43c8cd0bd5b0af923178ec834e370226c,1030,,,Deep Learning for Audio Processing,Self-supervised Learning,Deep Learning for Text Data,Reinforcement Learning,Theory and Practice of Online Experiments,Mathematical Foundations of Neural Network Models,Yes,0.7547169811320755,211.0,ML System Design,True
2024-08-12 13:39:38.335,db5ba35b6de8055d9c3795751a5d9090f1164ff0e60231a98157b6aab0e1b219,1494,,,Operating Systems 2,Systems Design,Types in Programming Languages,Decentralized Systems,Media Data Compression and Transmission Methods,Decentralized Systems,Yes,0.018867924528301883,214.0,Zero-Knowledge Proof Protocols,
2024-08-11 21:58:35.000,851b92300b0e436523b69c7a65d5ecb6bd03b593355ec915dd8c4a7c012a6b27,969,,,Deep Learning for Audio Processing,Deep Learning for Text Data,Bayesian Methods in Machine Learning,Efficient Deep Learning Systems,Stochastic Analysis,Mathematical Foundations of Neural Network Models,Yes,0.8427672955974843,213.0,Product Approach to Data Analysis,True
2024-08-13 16:47:24.160,2544dc60963d6d83c17cfe537fee2b031813aba6d459e046867aa4835048cf93,1150,,,Systems Design,Computer Systems Security,Scala Programming Language,Industrial Programming in Haskell,Decentralized Systems,Deploying ML Models in High-Load Systems,Yes,0.5660377358490566,2110.0,ML System Design,
2024-08-13 20:41:05.228,e7bb169aa079061e387e441ba1205d5d2e59b1ff5d5d7ceeecb4932f1cc33e37,1035,,,Deep Learning for Audio Processing,Self-supervised Learning,Bayesian Methods in Machine Learning,Reinforcement Learning,Theory and Practice of Online Experiments,Modern Language Models,Yes,0.7421383647798743,211.0,ML System Design,True
2024-08-14 22:59:53.220,a2c79623438177c04a31ee550dbcfe4d61948c2ea8874edd3b19bea07d539232,1045,,,Systems Design,Fundamentals of Computer Game Development,Computer Systems Security,Industrial Programming in Haskell,Decentralized Systems,Conflict and Cooperation (taught in English),Yes,0.7138364779874213,215.0,Product Approach to Data Analysis,
2024-08-14 23:27:36.211,315b49e62fe84feb7e337e888324a4a02f3cb638952565168bc2fbffbe2e92b1,1351,,,Deep Learning for Text Data,Fundamentals of Computer Game Development,Computer Systems Security,Reinforcement Learning,3D Computer Vision,Generative Models in Machine Learning,Yes,0.21698113207547165,211.0,ML System Design,True
2024-08-14 18:00:07.000,4847d55f336efa24859bd8a552f9019c0c8e57097a0361a0ec93ea0c56b7dada,1249,,,Transformer and Multimodal Models,Self-supervised Learning,Diffusion-Based Generative Models,Mathematical Foundations of Neural Network Models,Deploying ML Models in High-Load Systems,Reinforcement Learning,Yes,0.39622641509433965,211.0,Zero-Knowledge Proof Protocols,True
2024-08-14 22:25:57.374,8fe1990142aff4836ae3f30e4616afb93bdc34bad6e871110d5a6d1f41bafee6,938,,,Operating Systems 2,Systems Design,Operating Systems 2,Decentralized Systems,Decentralized Systems,Decentralized Systems,Yes,0.89937106918239,216.0,Zero-Knowledge Proof Protocols,
2024-08-15 01:06:29.000,ea0a9ff9fde68a64b03fc17ea71f01b8a98b1dcf7d2f328626e5cefda97bc7e2,951,,,Operating Systems 2,Types in Programming Languages,Fundamentals of Information Retrieval,Industrial Programming in Haskell,Stochastic Analysis,Special Topics in Matrix Analysis,Yes,0.8805031446540881,215.0,Introduction to Differential Geometry,
2024-08-14 19:18:51.263,16b321ad934b4dc80d3699acfbe1129200a32f6e95b8980f65854d77420ea83c,1441,,,Computer Systems Security,Fundamentals of Information Retrieval,Systems Design,Deploying ML Models in High-Load Systems,Industrial Programming in Haskell,Media Data Compression and Transmission Methods,No,0.07547169811320753,2110.0,Zero-Knowledge Proof Protocols,
2024-08-14 18:10:48.000,7c0dcfd1be5b4df27dcbbab6a7fc9eed40c5ab43926538d616c472b6fce76cef,936,,,Bayesian Methods in Machine Learning,Deep Learning for Audio Processing,Deep Learning for Text Data,Efficient Deep Learning Systems,Mathematical Foundations of Neural Network Models,Reinforcement Learning,Yes,0.9056603773584906,212.0,ML System Design,True
2024-08-14 23:57:32.000,b19448303499e5cc40fcb0311d6154c3ba63c1fe2600bec6e5bc9811d7e13523,1262,,,Deep Learning for Audio Processing,Self-supervised Learning,Diffusion-Based Generative Models,Mathematical Foundations of Neural Network Models,Stochastic Analysis,Media Data Compression and Transmission Methods,Yes,0.3805031446540881,212.0,Zero-Knowledge Proof Protocols,True
2024-08-13 19:37:59.000,2921ba088a34b07d3577e3fc0c70c35663b5b044649847bff81abd97d0b6427e,1308,,,Decision-Making Under Risk and Uncertainty,Transformer and Multimodal Models,Self-supervised Learning,Conflict and Cooperation (taught in English),Theory and Practice of Online Experiments,Modern Language Models,Yes,0.289308176100629,211.0,Competitive Data Analysis,
2024-08-14 21:54:36.013,5f4e36151165ed24f1785f3fa39766678be19bc48b002b2ef64b433f431f5d68,1323,,,Systems Design,Software Systems Operations and Reliability,Operating Systems 2,Media Data Compression and Transmission Methods,Decentralized Systems,Theory and Practice of Online Experiments,Yes,0.26415094339622647,215.0,Zero-Knowledge Proof Protocols,
2024-08-14 22:36:16.000,9c1a46f8a6826002e0f264d86d45fbf5328c0d7b210b036abee3c920a29adaa7,1040,,,Systems Design,Computer Systems Security,Fundamentals of Computer Game Development,Decentralized Systems,Industrial Programming in Haskell,Reinforcement Learning,Yes,0.729559748427673,216.0,Zero-Knowledge Proof Protocols,
2024-08-12 09:31:38.484,4062c7c186f2a301b5d06295feb144a76eeb4a2fb8727f934963906550a0eb62,1448,,,Deep Learning for Text Data,Self-supervised Learning,Deep Learning for Graph Data Analysis,Reinforcement Learning,Efficient Deep Learning Systems,Media Data Compression and Transmission Methods,Yes,0.0691823899371069,218.0,Competitive Data Analysis,
2024-08-14 23:25:48.000,3689f87c5df6aef83a2bd55b92a7576535a1da484982a26a8137de9881b2f908,1071,,,Bayesian Methods in Machine Learning,Deep Learning for Text Data,Deep Learning for Audio Processing,Efficient Deep Learning Systems,3D Computer Vision,Mathematical Foundations of Neural Network Models,Yes,0.6855345911949686,213.0,ML System Design,True
2024-08-14 18:54:02.085,bd69fb95232e97ed628104ecff42c532d98c61077b255beab81d4c9e0435ca4a,1053,,,Bayesian Methods in Machine Learning,Diffusion-Based Generative Models,Complex Systems Theory,Reinforcement Learning,Modern Language Models,Special Topics in Matrix Analysis,Yes,0.7044025157232705,212.0,Competitive Data Analysis,True
2024-08-23 16:40:22.121,f5de8b91d28d8d19bf721b14fce50112083c5a51b18c20e62d2cea7ddadc2085,1504,,,Operating Systems 2,Computer Systems Security,Fundamentals of Computer Game Development,Industrial Programming in Haskell,Decentralized Systems,Theory and Practice of Online Experiments,Yes,0.0062893081761006275,215.0,Introduction to Differential Geometry,
2024-08-14 23:16:07.000,b9cd19957beed52a7c636590cb420a5706f849874ff4f7738ee378d4164d32b3,1410,,,Deep Learning for Text Data,Fundamentals of Computer Game Development,Computer Systems Security,Reinforcement Learning,Generative Models in Machine Learning,3D Computer Vision,Yes,0.11949685534591192,211.0,ML System Design,True
2024-08-14 21:50:23.000,17e8e0ff3dc2f49b15739e90e665ffc0db809bba05b88059dd9530b02a742e8e,1372,,,Introduction to Data Platforms,Bayesian Methods in Machine Learning,Systems Design,Stochastic Analysis,Theory and Practice of Online Experiments,Symbolic Computation,Yes,0.17610062893081757,218.0,Product Approach to Data Analysis,
2024-08-14 13:37:25.464,1e44fbec0c167a2cc2e7c9928b68cea9b604256bcae868eafec4ad003d037ffc,1132,,,Systems Design,Fundamentals of Computer Game Development,Systems Design,Media Data Compression and Transmission Methods,Theory and Practice of Online Experiments,Decentralized Systems,Yes,0.5911949685534591,215.0,Zero-Knowledge Proof Protocols,
2024-08-14 21:11:52.000,76d434cd72291e6228b060d267172ec4a29da5c6150ee69362a2f6f8398fa210,959,,,Operating Systems 2,Fundamentals of Information Retrieval,Software Systems Operations and Reliability,Industrial Programming in Haskell,Decentralized Systems,Reinforcement Learning,Yes,0.8679245283018868,216.0,Introduction to Differential Geometry,
2024-08-14 19:41:25.042,ad4f2591f6c525b01b4267b293784e63b75e769020769c5b8b7b0d291bf233f4,1349,,,Scala Programming Language,Fundamentals of Computer Game Development,Types in Programming Languages,Theory and Practice of Online Experiments,Theory and Practice of Online Experiments,Media Data Compression and Transmission Methods,Yes,0.2264150943396226,218.0,Competitive Data Analysis,
2024-08-14 19:32:35.000,1571fe14c1772f3559d8c78dac70a1f43360e1fbaa8b1f444d357a994ce25824,1173,,,Fundamentals of Information Retrieval,Systems Design,Operating Systems 2,Industrial Programming in Haskell,Industrial Programming in Haskell,Industrial Programming in Haskell,Yes,0.5283018867924528,216.0,Zero-Knowledge Proof Protocols,
2024-08-15 00:50:51.148,9e9706fadb2ea4d0ee2811e6c0784f596e39151079e3e7001285b49af5c97dea,1420,,,Introduction to Data Platforms,Deep Learning for Text Data,Fundamentals of Computer Game Development,Reinforcement Learning,Theory and Practice of Online Experiments,Efficient Deep Learning Systems,Yes,0.10691823899371067,218.0,Product Approach to Data Analysis,
2024-08-14 19:41:12.000,b0e2e8c75d53eb58920b58332ae7f2405bba8f5bc105692d1711805c2ea99233,1045,,,Systems Design,Scala Programming Language,Introduction to Data Platforms,Modern Language Models,Conflict and Cooperation (taught in English),Theory and Practice of Online Experiments,Yes,0.7138364779874213,2110.0,Security of LLM-Based Systems,
2024-08-12 12:02:41.000,0d8d98074c9402650e3b50c4291509ae59cbdbe73cd3307c31fa3974104aba52,1280,,,Fundamentals of Computer Game Development,Software Systems Operations and Reliability,Fundamentals of Information Retrieval,Theory and Practice of Online Experiments,Media Data Compression and Transmission Methods,Decentralized Systems,Yes,0.339622641509434,216.0,Zero-Knowledge Proof Protocols,
2024-08-14 20:17:51.000,e77f566bcf2db2de3083af171ae15f76c1c8adfb78e871c9292845383774b675,1351,,,Introduction to Data Platforms,Self-supervised Learning,Fundamentals of Computer Game Development,Theory and Practice of Online Experiments,Theory and Practice of Online Experiments,Theory and Practice of Online Experiments,Yes,0.21698113207547165,218.0,Competitive Data Analysis,
2024-08-14 09:29:13.178,27910d5ef539dc74a029d7408dbbf97425abdf6a09235d7e63a8bd74cf8b45e1,1295,,,Deep Learning for Text Data,Transformer and Multimodal Models,Self-supervised Learning,Reinforcement Learning,Deploying ML Models in High-Load Systems,Modern Language Models,Yes,0.3144654088050315,218.0,ML System Design,
2024-08-13 00:12:01.267,1b8da904a3533b19c6011c56ad02fcb2ab8e281e60d8ed4c27eb1deabf64ef34,1283,,,Systems Design,Fundamentals of Information Retrieval,Operating Systems 2,Decentralized Systems,Industrial Programming in Haskell,Theory and Practice of Online Experiments,Yes,0.33333333333333337,2110.0,Product Approach to Data Analysis,
2024-08-14 14:10:53.000,8fb3b0af5449837cc789f9fbf7be806522883907c7424cfdd335b59f6fb38666,989,,,Deep Learning for Audio Processing,Diffusion-Based Generative Models,Deep Learning for Text Data,Efficient Deep Learning Systems,Deploying ML Models in High-Load Systems,Reinforcement Learning,Yes,0.8176100628930818,213.0,Zero-Knowledge Proof Protocols,True
2024-08-14 01:06:42.294,20c93a7556c9aead1c44ddf04861615fa8851acfbaa61cf9178c75b4746f1bd5,1188,,,Deep Learning for Text Data,Self-supervised Learning,Operating Systems 2,Reinforcement Learning,Deploying ML Models in High-Load Systems,Media Data Compression and Transmission Methods,Yes,0.5031446540880503,218.0,Zero-Knowledge Proof Protocols,
2024-08-14 23:30:42.104,45fdca8b5e61479eff90eeb4561ece8d9331fc007eb975526e1d82914b440291,1272,,,Fundamentals of Computer Game Development,Deep Learning for Text Data,Transformer and Multimodal Models,Reinforcement Learning,3D Computer Vision,Generative Models in Machine Learning,Yes,0.3584905660377359,213.0,Competitive Data Analysis,True
2024-08-14 15:37:53.330,4fafde34a2085e0f3f7f7d91ff075bfedd1b7a799bac0eb9056f7721174e350c,1316,,,Deep Learning for Audio Processing,Self-supervised Learning,Bayesian Methods in Machine Learning,Theory and Practice of Online Experiments,Modern Language Models,Reinforcement Learning,Yes,0.2767295597484277,211.0,Security of LLM-Based Systems,True
2024-08-14 21:01:10.424,c8c740abe7d66da6ba762ba08ac9bde1c1d3680e78c5835c8b81deeb46accd88,1089,,,Deep Learning for Text Data,Diffusion-Based Generative Models,Deep Learning for Audio Processing,Theory and Practice of Online Experiments,Deploying ML Models in High-Load Systems,Conflict and Cooperation (taught in English),Yes,0.6540880503144655,211.0,Product Approach to Data Analysis,True
2024-08-11 23:57:32.000,b8ab1a4ad4926caca7b82f8d1d11b2a014248fc054cda7249b9963125ae8db4e,1158,,,Systems Design,Introduction to Data Platforms,Types in Programming Languages,Theory and Practice of Online Experiments,Modern Language Models,Deploying ML Models in High-Load Systems,Yes,0.559748427672956,216.0,Product Approach to Data Analysis,
2024-08-11 21:28:50.000,9b22096ba7c99bb20110bbc185978970cd44dd759af92007581c319bac84c492,1423,,,Operating Systems 2,Software Systems Operations and Reliability,Computer Systems Security,Deploying ML Models in High-Load Systems,Industrial Programming in Haskell,Decentralized Systems,Yes,0.10062893081761004,215.0,Zero-Knowledge Proof Protocols,
2024-08-12 02:02:48.498,d9a6441295eaa259e3a6f70817d22ce43d4218ddef4598292e8fc5683eff1669,920,,,Operating Systems 2,Systems Design,Software Systems Operations and Reliability,Decentralized Systems,Media Data Compression and Transmission Methods,Industrial Programming in Haskell,Yes,0.9433962264150944,216.0,Zero-Knowledge Proof Protocols,
2024-08-15 00:18:58.000,18b2e3f22341a710bc89ceeaafb3045a17a9eafe748b9fdf7fdccaecd0499e0a,1502,,,Fundamentals of Computer Game Development,Scala Programming Language,Types in Programming Languages,Theory and Practice of Online Experiments,Industrial Programming in Haskell,Media Data Compression and Transmission Methods,Yes,0.012578616352201255,218.0,Competitive Data Analysis,
2024-08-14 13:59:21.208,3501992c6601498ed885bfbb2deefec9ca50a80cee87676697d2fc6507dc3707,933,,,Bayesian Methods in Machine Learning,Diffusion-Based Generative Models,Transformer and Multimodal Models,Media Data Compression and Transmission Methods,Mathematical Foundations of Neural Network Models,Stochastic Analysis,Yes,0.9119496855345912,212.0,Zero-Knowledge Proof Protocols,True
2024-08-14 18:19:47.000,1107cb34832723b91e2dee89481a99b0d09c0605222dc60aabf62b4cfad90c60,1112,,,Deep Learning for Audio Processing,Transformer and Multimodal Models,Bayesian Methods in Machine Learning,Reinforcement Learning,Deploying ML Models in High-Load Systems,Generative Models in Machine Learning,Yes,0.6226415094339622,211.0,ML System Design,True
2024-08-14 21:07:53.151,b2f5f958346e3b6e8d56d223332334d9ea5a5b9698a4767f62edaa148869f38a,1178,,,Systems Design,Fundamentals of Computer Game Development,Fundamentals of Information Retrieval,Media Data Compression and Transmission Methods,Decentralized Systems,Theory and Practice of Online Experiments,Yes,0.5220125786163522,214.0,Zero-Knowledge Proof Protocols,
2024-08-14 23:14:13.227,89e265f063d96145e7aa55b7e94fa48be2bafd9c51a43a898c885ed7f9c732e1,1262,,,Systems Design,Fundamentals of Information Retrieval,Bayesian Methods in Machine Learning,Deploying ML Models in High-Load Systems,Reinforcement Learning,Industrial Programming in Haskell,Yes,0.3805031446540881,216.0,Zero-Knowledge Proof Protocols,
2024-08-14 12:16:26.067,b6b3b66e48c510b1ea61071ee47fb2b32741c7ac119fcfa61c50e4cb5a762be5,994,,,Systems Design,Fundamentals of Information Retrieval,Scala Programming Language,Conflict and Cooperation (taught in English),Decentralized Systems,Deploying ML Models in High-Load Systems,Yes,0.8050314465408805,215.0,Zero-Knowledge Proof Protocols,
2024-08-14 23:59:36.000,52a0895a22e19ab73c67a97f91c4e27f1900b4cc2aab099f9aee37bee88797fd,928,,,Deep Learning for Audio Processing,Deep Learning for Text Data,Diffusion-Based Generative Models,Reinforcement Learning,Media Data Compression and Transmission Methods,Efficient Deep Learning Systems,No,0.9245283018867925,213.0,ML System Design,True
2024-08-13 16:16:55.000,f9ea5e817d10c1450d85bc1429dfc554afae89ba88e03563e44394e386a9128f,1104,,,Systems Design,Introduction to Data Platforms,Computer Systems Security,Efficient Deep Learning Systems,Reinforcement Learning,Industrial Programming in Haskell,Yes,0.6352201257861636,212.0,Zero-Knowledge Proof Protocols,True
2024-08-14 11:44:05.134,317002d0369fba734200d052b8b8a8cbca0275c3de6ce3575914de2baafa8158,943,,,Bayesian Methods in Machine Learning,Deep Learning for Audio Processing,Deep Learning for Text Data,Efficient Deep Learning Systems,Stochastic Analysis,Deploying ML Models in High-Load Systems,Yes,0.8930817610062893,213.0,Product Approach to Data Analysis,True
2024-08-14 18:25:59.020,c7fd0f0963f73bd01f3540d20e24f0fd4b399e94e3229f4237632cdf965e0966,1066,,,Bayesian Methods in Machine Learning,Diffusion-Based Generative Models,Bayesian Methods in Machine Learning,Reinforcement Learning,Modern Language Models,Reinforcement Learning,Yes,0.6918238993710693,212.0,Competitive Data Analysis,True
2024-08-15 23:09:00.122,b85899afb074b4a4c334a0d6d1c1e948e12898aea567d440421ca6828b74808b,1334,,,Computer Systems Security,Deep Learning for Text Data,Self-supervised Learning,Reinforcement Learning,Conflict and Cooperation (taught in English),Stochastic Analysis,Yes,0.2484276729559748,212.0,Zero-Knowledge Proof Protocols,True
2024-08-14 19:46:23.077,9af407c36d838bc89a39d9608187ffa452c55f44ae45c69d2b3e167fe7651efc,900,,,Decision-Making Under Risk and Uncertainty,Complex Systems Theory,Fundamentals of Tensor Computations,Symbolic Computation,Stochastic Analysis,Symbolic Computation,Yes,0.9748427672955975,214.0,Zero-Knowledge Proof Protocols,
2024-08-11 21:26:03.000,3dfdd5063aed7b034c0f7b5ffbec75b61041d532382a4a2325ba4d41ea45e7a7,1242,,,Types in Programming Languages,Fundamentals of Computer Game Development,Decision-Making Under Risk and Uncertainty,Theory and Practice of Online Experiments,Modern Language Models,Conflict and Cooperation (taught in English),Yes,0.41509433962264153,218.0,Competitive Data Analysis,
2024-08-13 16:06:21.000,94bfd2c8f7cdbca65959e6ae42c9e9e8a76807c5b0e3032da65d10b3da8f8fad,1114,,,Deep Learning for Audio Processing,Self-supervised Learning,Deep Learning for Text Data,Reinforcement Learning,Theory and Practice of Online Experiments,Modern Language Models,Yes,0.6163522012578616,211.0,ML System Design,True
2024-08-14 17:33:12.000,76afba0b501a3a5daf3908ce7540cc5540f67ba94b120cd23e9570cb4f027168,1081,,,Systems Design,Computer Systems Security,Fundamentals of Computer Game Development,Decentralized Systems,Media Data Compression and Transmission Methods,Theory and Practice of Online Experiments,Yes,0.6666666666666667,2110.0,Zero-Knowledge Proof Protocols,
2024-08-14 23:50:51.000,cafbec4fff4c9e69ac9a5497c07734373444d377c9eb424bcf109f6b83a117bd,1277,,,Deep Learning for Audio Processing,Bayesian Methods in Machine Learning,Deep Learning for Text Data,Efficient Deep Learning Systems,Reinforcement Learning,Media Data Compression and Transmission Methods,Yes,0.3459119496855346,211.0,ML System Design,True
2024-08-13 10:38:48.000,92f4503e31c17e957f5c5ce045c496f440b0565d37f9aa6118f3e52e3826d0f7,1507,,,Deep Learning for Text Data,Self-supervised Learning,Bayesian Methods in Machine Learning,Reinforcement Learning,Theory and Practice of Online Experiments,Generative Models in Machine Learning,Yes,0.0,211.0,ML System Design,True
2024-08-13 19:52:38.113,766bb1ff3a864524669b423ee4ca9c650b7e33e74b593dcbfba12e51c223155d,1461,,,Deep Learning for Audio Processing,Fundamentals of Computer Game Development,Deep Learning for Text Data,Modern Language Models,3D Computer Vision,Reinforcement Learning,Yes,0.04402515723270439,218.0,ML System Design,
2024-08-11 22:26:27.032,1a839aea491d75693c030b712452dcd9215457a97d2f86c6c9cdfcf76af3d5e7,1481,,,Deep Learning for Text Data,Transformer and Multimodal Models,Self-supervised Learning,Reinforcement Learning,Efficient Deep Learning Systems,Mathematical Foundations of Neural Network Models,Yes,0.03144654088050314,212.0,Product Approach to Data Analysis,True
2024-08-15 10:54:22.473,6fa015d8846e21f4f79bac013b469a1e6e962fffd6121b4d9bcde3906275293e,897,,,Statistical Learning Theory,Bayesian Methods in Machine Learning,Diffusion-Based Generative Models,Reinforcement Learning,Mathematical Foundations of Neural Network Models,Reinforcement Learning,Yes,0.9874213836477987,213.0,Introduction to Differential Geometry,True
2024-08-14 21:21:25.000,f3850b3aa2c8c622ee28bb6368a9b8c2f78acbdef113a894fb1aff60837428f0,1109,,,Bayesian Methods in Machine Learning,Diffusion-Based Generative Models,Deep Learning for Audio Processing,Reinforcement Learning,Theory and Practice of Online Experiments,Efficient Deep Learning Systems,Yes,0.628930817610063,213.0,Zero-Knowledge Proof Protocols,True
2024-08-13 23:25:36.080,31144d9d39269e402effb024f436199bdee80fea3aebb18784b173d65d4b1d27,1076,,,Systems Design,Operating Systems 2,Software Systems Operations and Reliability,Deploying ML Models in High-Load Systems,Decentralized Systems,Reinforcement Learning,Yes,0.6729559748427674,216.0,ML System Design,
2024-08-15 00:04:06.301,218c5c8835d932d30a055c86d0c6c274c844e155f182e9f89d52884317f48ed0,1010,,,Self-supervised Learning,Diffusion-Based Generative Models,Deep Learning for Text Data,Efficient Deep Learning Systems,Stochastic Analysis,Reinforcement Learning,Yes,0.779874213836478,213.0,Competitive Data Analysis,True
2024-08-11 22:36:36.051,6ac489cfaa29dbb7d5fdab6c6bec97da2d12e8988d9aede7e91c4ae1a963efb9,1043,,,Bayesian Methods in Machine Learning,Fundamentals of Tensor Computations,Deep Learning for Audio Processing,Efficient Deep Learning Systems,3D Computer Vision,Generative Models in Machine Learning,Yes,0.7232704402515724,213.0,Competitive Data Analysis,True
2024-08-14 22:43:39.393,48fa126659b29ec4bfcd13cbc8350693e2a1fdafbf6bd1574d181f5b978e8537,1285,,,Systems Design,Computer Systems Security,Fundamentals of Computer Game Development,Decentralized Systems,Industrial Programming in Haskell,Reinforcement Learning,Yes,0.32704402515723274,216.0,Zero-Knowledge Proof Protocols,
2024-08-15 17:14:06.000,70226ec3abc3e5665d875e841462c54c913310dd670c6d1d6914bfc7c78ad48f,1119,,,Systems Design,Operating Systems 2,Fundamentals of Information Retrieval,Industrial Programming in Haskell,Decentralized Systems,Media Data Compression and Transmission Methods,Yes,0.610062893081761,216.0,Zero-Knowledge Proof Protocols,
2024-08-14 18:40:34.000,776f50522ff3139728cb2ee5721708308c8555d36f4db688af869e84337b555f,1022,,,Systems Design,Bayesian Methods in Machine Learning,Deep Learning for Text Data,Efficient Deep Learning Systems,Reinforcement Learning,3D Computer Vision,Yes,0.7672955974842768,213.0,Competitive Data Analysis,True
2024-08-13 23:57:55.000,139eb159aecabc92b72ae639694aaee2fd987b3035b4a02f63cd309f949c3e1f,931,,,Operating Systems 2,Systems Design,Self-supervised Learning,Industrial Programming in Haskell,Decentralized Systems,Modern Language Models,Yes,0.9182389937106918,216.0,Zero-Knowledge Proof Protocols,
2024-08-11 22:13:43.000,f42a865b14eff1fdb64525c6fd2f6b86e66c23db0d8062a5fd48e933a081f740,1382,,,Systems Design,Software Systems Operations and Reliability,Fundamentals of Information Retrieval,Deploying ML Models in High-Load Systems,Decentralized Systems,Industrial Programming in Haskell,Yes,0.15094339622641506,216.0,Zero-Knowledge Proof Protocols,
2024-08-14 20:37:02.000,0d223588b0f2bc50094a0a577299a1a2da6e4b6b7cddc36e292dbe5f52d230f7,966,,,Bayesian Methods in Machine Learning,Deep Learning for Text Data,Diffusion-Based Generative Models,Reinforcement Learning,Theory and Practice of Online Experiments,Efficient Deep Learning Systems,Yes,0.8490566037735849,213.0,Zero-Knowledge Proof Protocols,True
2024-08-14 15:44:49.000,6b357a252cf906d0a973a79c0451cedd4efe5c8b0bb57e41acaf9f17883be652,1344,,,Systems Design,Computer Systems Security,Fundamentals of Computer Game Development,Decentralized Systems,Media Data Compression and Transmission Methods,Theory and Practice of Online Experiments,Yes,0.23270440251572322,2110.0,Zero-Knowledge Proof Protocols,
2024-08-14 20:49:01.000,41e6b3d777b9c74c94e18616f49f7605f6789a38cf2a4da9b5f1261fa1a4fbab,1198,,,Systems Design,Operating Systems 2,Fundamentals of Information Retrieval,Decentralized Systems,Conflict and Cooperation (taught in English),Industrial Programming in Haskell,Yes,0.49056603773584906,215.0,Zero-Knowledge Proof Protocols,
2024-08-14 22:40:54.198,3c9b54f540340defff5a851ae501f763a3ecaeb4b3e594dcb7123da6704c717f,1201,,,Introduction to Data Platforms,Bayesian Methods in Machine Learning,Transformer and Multimodal Models,Theory and Practice of Online Experiments,Generative Models in Machine Learning,Modern Language Models,Yes,0.4811320754716981,218.0,Product Approach to Data Analysis,
2024-08-14 01:40:32.000,ec5b044442f35321fb7de593cf28576c4190869e33968723ccdf31dc0723600a,1402,,,Self-supervised Learning,Deep Learning for Audio Processing,Fundamentals of Information Retrieval,Deploying ML Models in High-Load Systems,Decentralized Systems,3D Computer Vision,No,0.13207547169811318,211.0,ML System Design,True
2024-08-14 21:28:57.281,c108c3ffa120501e3537acf9c4bedadb4048649f3cdef69cf00e031a73c96561,1334,,,Systems Design,Computer Systems Security,Fundamentals of Information Retrieval,Reinforcement Learning,Theory and Practice of Online Experiments,Reinforcement Learning,Yes,0.2484276729559748,213.0,Zero-Knowledge Proof Protocols,True
2024-08-14 00:15:41.355,b315b92935edc5a3e9286170b5a5349a1284a634cc182e02b630e609578ce0ae,918,,,Bayesian Methods in Machine Learning,Deep Learning for Text Data,Deep Learning for Graph Data Analysis,Reinforcement Learning,Mathematical Foundations of Neural Network Models,Generative Models in Machine Learning,Yes,0.949685534591195,212.0,Competitive Data Analysis,True
2024-08-14 02:21:29.246,27dbfcc1880f3d7b722d6249c2def0ee7b44d5fd9033778454f775e777d1ec93,1492,,,Systems Design,Types in Programming Languages,Fundamentals of Computer Game Development,Decentralized Systems,Industrial Programming in Haskell,Deploying ML Models in High-Load Systems,Yes,0.02515723270440251,2110.0,Introduction to Differential Geometry,
2024-08-13 14:16:31.000,dd78ebd42d9e2a1369e60eb6ecb8732e5874c0cf294c19f7528288e6c578c1c2,1400,,,Systems Design,Software Systems Operations and Reliability,Types in Programming Languages,Media Data Compression and Transmission Methods,Theory and Practice of Online Experiments,Industrial Programming in Haskell,Yes,0.1383647798742138,218.0,Zero-Knowledge Proof Protocols,
2024-08-14 16:39:26.000,7319ff7a9a7bc003284b43c3c08419ac2b78851bf7961d691ebb51a9b19d1b77,1300,,,Types in Programming Languages,Self-supervised Learning,Transformer and Multimodal Models,Media Data Compression and Transmission Methods,Deploying ML Models in High-Load Systems,Decentralized Systems,Yes,0.30188679245283023,218.0,Security of LLM-Based Systems,
2024-08-14 22:42:54.000,cdb87f7b15495e514eb481230b44540c6b0cfeb347c991f06b1e361fcdef0c0b,897,,,Bayesian Methods in Machine Learning,Deep Learning for Text Data,Self-supervised Learning,Efficient Deep Learning Systems,Mathematical Foundations of Neural Network Models,Modern Language Models,Yes,0.9874213836477987,211.0,Competitive Data Analysis,True
2024-08-11 21:39:50.000,5b93a259428d0af30896e0134014359030505f7a7bca1836425f8ff8cc659887,1362,,,Deep Learning for Text Data,Systems Design,Transformer and Multimodal Models,Industrial Programming in Haskell,Generative Models in Machine Learning,Industrial Programming in Haskell,Yes,0.20125786163522008,211.0,Product Approach to Data Analysis,True
2024-08-14 10:05:50.000,58c1bacf818ea1a64cf682af456bbee27f4feb4640cf6e9f12b32849a5ac9f42,1290,,,Deep Learning for Audio Processing,Introduction to Data Platforms,Deep Learning for Text Data,Deploying ML Models in High-Load Systems,Theory and Practice of Online Experiments,Efficient Deep Learning Systems,Yes,0.3207547169811321,211.0,Product Approach to Data Analysis,True
2024-08-14 18:08:48.000,f4a585d3cdbfe2c01ff0881593d052a3d995635e2424fdf2371e0249db7fc9e5,1033,,,Bayesian Methods in Machine Learning,Diffusion-Based Generative Models,Deep Learning for Audio Processing,Efficient Deep Learning Systems,Generative Models in Machine Learning,Deploying ML Models in High-Load Systems,Yes,0.7484276729559749,212.0,Competitive Data Analysis,True
2024-08-14 18:24:52.234,38b478e5f358e3c72b4161b3c981e5b55c3a0a9988269bc288fc3a541f719bcf,1181,,,Systems Design,Fundamentals of Information Retrieval,Operating Systems 2,Industrial Programming in Haskell,Industrial Programming in Haskell,Decentralized Systems,Yes,0.5157232704402516,215.0,ML System Design,
2024-08-14 22:39:15.000,8c11e8ef8b66dd5fedd053d29f6d89756d23b2d6e5e3aa47854f1dde5338d5f5,1201,,,Deep Learning for Graph Data Analysis,Self-supervised Learning,Self-supervised Learning,Reinforcement Learning,Generative Models in Machine Learning,Media Data Compression and Transmission Methods,No,0.4811320754716981,211.0,Competitive Data Analysis,True
2024-08-13 09:13:47.000,262ba3cd386e45289f37ad0af7c340af0e9932df39b2e12dd78082f79b54f4d8,1163,,,Introduction to Data Platforms,Deep Learning for Graph Data Analysis,Fundamentals of Information Retrieval,Theory and Practice of Online Experiments,Deploying ML Models in High-Load Systems,Reinforcement Learning,Yes,0.5471698113207547,218.0,ML System Design,
2024-08-14 21:31:36.000,37f6b56548d3fceb6c130904740eccb3b5dc0d0496aa0db69768727d7ad2dddd,1165,,,Bayesian Methods in Machine Learning,Systems Design,Fundamentals of Information Retrieval,Reinforcement Learning,Decentralized Systems,Theory and Practice of Online Experiments,Yes,0.5408805031446541,212.0,Product Approach to Data Analysis,True
2024-08-14 20:41:46.115,bc632b2c3be8a75598320693cd7934a3cadc5f1f479e67046dc7567907c3905b,1239,,,Deep Learning for Audio Processing,Deep Learning for Text Data,Self-supervised Learning,Reinforcement Learning,Deploying ML Models in High-Load Systems,Generative Models in Machine Learning,Yes,0.42138364779874216,211.0,ML System Design,True
2024-08-15 06:46:01.000,625c135ad02d9d4bd7925763c480ea343bba2d449bc42bca666211f62b9aad51,1369,,,Deep Learning for Audio Processing,Systems Design,Deep Learning for Text Data,Efficient Deep Learning Systems,Reinforcement Learning,Deploying ML Models in High-Load Systems,Yes,0.1823899371069182,212.0,ML System Design,True
2024-08-11 21:40:11.000,cb2cfbddf163cc61d9c4967e180124b12bb616a15253bf47f999ca9bc3897fc6,1405,,,Operating Systems 2,Systems Design,Complex Systems Theory,Decentralized Systems,Industrial Programming in Haskell,Media Data Compression and Transmission Methods,Yes,0.12578616352201255,213.0,Product Approach to Data Analysis,
2024-08-13 22:18:25.434,c4277002951631ec6499555f3cf1d001649f01fe946c282dc372ee5bf38ac738,1073,,,Systems Design,Software Systems Operations and Reliability,Fundamentals of Computer Game Development,Decentralized Systems,Media Data Compression and Transmission Methods,Deploying ML Models in High-Load Systems,Yes,0.679245283018868,215.0,Zero-Knowledge Proof Protocols,
2024-08-14 18:09:34.000,7ea811001d5597f20c996b63c32fb70e2606c77e8b87112ff33bb705154bc3d8,910,,,Bayesian Methods in Machine Learning,Deep Learning for Audio Processing,Deep Learning for Text Data,Reinforcement Learning,Mathematical Foundations of Neural Network Models,Special Topics in Matrix Analysis,Yes,0.9685534591194969,212.0,Introduction to Differential Geometry,True
2024-08-15 23:13:05.234,6c1d5af0d528071d48154e5d78a2b865bc809ad3828c64333041ca3f17f6a175,1305,,,Self-supervised Learning,Computer Systems Security,Diffusion-Based Generative Models,Stochastic Analysis,Conflict and Cooperation (taught in English),Theory and Practice of Online Experiments,Yes,0.2955974842767296,212.0,Competitive Data Analysis,True
2024-08-13 21:16:52.000,b6e2079be3a03e7048f4c356b67dc874c1ac19c92825e9c91edb87f5157a5ef1,1298,,,Systems Design,Software Systems Operations and Reliability,Operating Systems 2,Industrial Programming in Haskell,Media Data Compression and Transmission Methods,Decentralized Systems,Yes,0.30817610062893086,216.0,Zero-Knowledge Proof Protocols,
2024-08-14 16:02:03.000,f8aba81163cc5ecf227699690d0b9b3707360f3ab5061bb6d2afeeb6f61b9d09,1234,,,Deep Learning for Audio Processing,Deep Learning for Text Data,Transformer and Multimodal Models,Efficient Deep Learning Systems,Reinforcement Learning,Efficient Deep Learning Systems,Yes,0.4339622641509434,211.0,ML System Design,True
2024-08-14 23:36:50.000,97575d9281164439d98f820d3644201106ad1819f34f7e8ef1c190bedb83ce52,1186,,,Systems Design,Computer Systems Security,Software Systems Operations and Reliability,Conflict and Cooperation (taught in English),Decentralized Systems,Media Data Compression and Transmission Methods,Yes,0.5094339622641509,215.0,Zero-Knowledge Proof Protocols,
2024-08-13 23:37:14.212,2ddd9e8f1d4a21f9612b2ac8cc25edb9504895a81186a7c4facc65684f4ca7c6,1145,,,Systems Design,Operating Systems 2,Software Systems Operations and Reliability,Industrial Programming in Haskell,Decentralized Systems,Media Data Compression and Transmission Methods,Yes,0.5754716981132075,216.0,Zero-Knowledge Proof Protocols,
2024-08-14 23:19:41.150,0ffab253552cccd8b0be91ec9dea9daefd47614353506432212adf5abdb36a82,948,,,Operating Systems 2,Operating Systems 2,Operating Systems 2,Deploying ML Models in High-Load Systems,Deploying ML Models in High-Load Systems,Deploying ML Models in High-Load Systems,Yes,0.8867924528301887,215.0,Zero-Knowledge Proof Protocols,
2024-08-14 19:15:29.018,4a141e4a205ee2ddc30e3ee757d3ef48ed2090240980e4f7df8c43cfaf3bb1bd,1247,,,Deep Learning for Audio Processing,Deep Learning for Text Data,Bayesian Methods in Machine Learning,Reinforcement Learning,Deploying ML Models in High-Load Systems,Efficient Deep Learning Systems,Yes,0.4025157232704403,213.0,Security of LLM-Based Systems,True
2024-08-11 21:26:28.360,36cd34b8b9cd5e44f29724607286653f440fb7784e6db417781955640c7857d3,1379,,,Deep Learning for Text Data,Deep Learning for Text Data,Systems Design,Deploying ML Models in High-Load Systems,Deploying ML Models in High-Load Systems,Deploying ML Models in High-Load Systems,Yes,0.1572327044025157,218.0,ML System Design,
2024-08-14 23:57:53.000,edb64996c64421378537d941a77426a5a7bd84f9967ad9f523ca61386e5469ed,1086,,,Operating Systems 2,Fundamentals of Information Retrieval,Scala Programming Language,Industrial Programming in Haskell,Industrial Programming in Haskell,Industrial Programming in Haskell,Yes,0.6603773584905661,216.0,Zero-Knowledge Proof Protocols,
2024-08-14 12:25:38.061,6cb612088236b0bafb24747b2ae860ed3415c896599b4612d20bc8aabf2ac1ec,1275,,,Introduction to Data Platforms,Transformer and Multimodal Models,Introduction to Data Platforms,Theory and Practice of Online Experiments,Theory and Practice of Online Experiments,Deploying ML Models in High-Load Systems,Yes,0.35220125786163525,211.0,Product Approach to Data Analysis,True
2024-08-14 22:39:30.429,ff2b57429d0d45788e2e22cf0c13fe152ef7a8e41f480f35f75a67a36ab17ea9,915,,,Operating Systems 2,Systems Design,Computer Systems Security,Deploying ML Models in High-Load Systems,Decentralized Systems,Industrial Programming in Haskell,Yes,0.9559748427672956,215.0,Zero-Knowledge Proof Protocols,
2024-08-12 18:27:01.060,6845ed3405c4b8b7d55f2a8604f39b4122719c79cf0929b8755ba3df4505e9f2,1209,,,Deep Learning for Audio Processing,Bayesian Methods in Machine Learning,Transformer and Multimodal Models,Efficient Deep Learning Systems,Reinforcement Learning,Deploying ML Models in High-Load Systems,Yes,0.46855345911949686,211.0,Product Approach to Data Analysis,True
2024-08-14 17:29:03.325,86750caa19a7507b83a53059c6487eeef0270d71ac7713c32d64e551ef01c66e,999,,,Bayesian Methods in Machine Learning,Fundamentals of Computer Game Development,Statistical Learning Theory,Symbolic Computation,Special Topics in Matrix Analysis,Mathematical Foundations of Neural Network Models,Yes,0.7955974842767295,212.0,Introduction to Differential Geometry,True
2024-08-14 16:27:16.285,3e71ee25fa0f4489a63b9b2af8929d96e70f3caedaa79c5f0272c0fd10977c9b,1428,,,Deep Learning for Text Data,Introduction to Data Platforms,Fundamentals of Information Retrieval,Theory and Practice of Online Experiments,Efficient Deep Learning Systems,Generative Models in Machine Learning,Yes,0.09433962264150941,213.0,Product Approach to Data Analysis,True
2024-08-14 22:38:33.000,7b1644189ed3a7c36cae6b1228f23532a90fcb01c4b530e03e6807ac1b7c4613,1017,,,Bayesian Methods in Machine Learning,Deep Learning for Text Data,Diffusion-Based Generative Models,Theory and Practice of Online Experiments,Reinforcement Learning,Stochastic Analysis,Yes,0.7735849056603774,213.0,Competitive Data Analysis,True
2024-08-14 18:26:52.180,acb47d76f3aa4524fba24b7e9feabea1f2ad78104dfd0155f46145d8871b978d,1025,,,Bayesian Methods in Machine Learning,Diffusion-Based Generative Models,Bayesian Methods in Machine Learning,Reinforcement Learning,Modern Language Models,Mathematical Foundations of Neural Network Models,Yes,0.7610062893081762,212.0,Competitive Data Analysis,True
2024-08-14 14:37:31.000,5e7a59ebf7be537441422cd774461509a06c169c1a27909db98f18eb7632be68,1326,,,Fundamentals of Computer Game Development,Operating Systems 2,Computer Systems Security,Reinforcement Learning,3D Computer Vision,Modern Language Models,Yes,0.25786163522012584,211.0,ML System Design,True
2024-08-14 20:39:45.230,8f43d47a9c5d2b0c85d2a367c3b50cb0f8c7a5bbcb7a1d1f0bc51e76137e6e05,1209,,,Systems Design,Fundamentals of Computer Game Development,Operating Systems 2,Industrial Programming in Haskell,Media Data Compression and Transmission Methods,Symbolic Computation,Yes,0.46855345911949686,215.0,Product Approach to Data Analysis,
2024-08-12 19:55:43.000,2887dd24eabdc36c2c0c2f663ff6b63f4ce36ca9aea880483dbf123f7f771ec6,1311,,,Bayesian Methods in Machine Learning,Fundamentals of Tensor Computations,Integral Equations in Mathematical Modeling,Symbolic Computation,Stochastic Analysis,Special Topics in Matrix Analysis,Yes,0.28301886792452835,214.0,Introduction to Differential Geometry,
2024-08-14 19:56:11.374,62c5f09073a6e6cdf1dbcf39c55b78a69d12f31798db5fcd3a824f4a4f859362,1364,,,Software Systems Operations and Reliability,Systems Design,Computer Systems Security,Industrial Programming in Haskell,Symbolic Computation,Media Data Compression and Transmission Methods,Yes,0.19496855345911945,218.0,Security of LLM-Based Systems,
2024-08-14 22:24:22.000,2d338aa8d0a611914affea55468df575d43aad9a23ddb95db4041434d3a703e8,1267,,,Deep Learning for Graph Data Analysis,Deep Learning for Text Data,Self-supervised Learning,Efficient Deep Learning Systems,Deploying ML Models in High-Load Systems,Reinforcement Learning,Yes,0.37106918238993714,212.0,Competitive Data Analysis,True
2024-08-14 22:26:51.253,4aec9a30868dc637f1e360717edf3cbec646b626a9bd863bfdd5327b67e01e67,971,,,Diffusion-Based Generative Models,Bayesian Methods in Machine Learning,Operating Systems 2,Reinforcement Learning,Media Data Compression and Transmission Methods,Theory and Practice of Online Experiments,Yes,0.8364779874213837,212.0,ML System Design,True
2024-08-14 21:12:11.000,5a601340e50f2ef87ca0fa416c5ce855f1befa9d631a26238bb85ec3a1d3fc2f,1229,,,Self-supervised Learning,Deep Learning for Text Data,Transformer and Multimodal Models,Reinforcement Learning,Modern Language Models,Deploying ML Models in High-Load Systems,Yes,0.44654088050314467,213.0,Security of LLM-Based Systems,True
2024-08-13 15:59:52.456,c3e074a6773fc1ffe6bd22a2518736a85b7fee51dd5154c96652659f0a926648,1170,,,Operating Systems 2,Systems Design,Software Systems Operations and Reliability,Industrial Programming in Haskell,Industrial Programming in Haskell,Industrial Programming in Haskell,Yes,0.5345911949685535,216.0,ML System Design,
2024-08-15 10:12:21.280,ca97e0f1003bf8077ac98ce2a76d9a9773123675f80c1f0f729bde1d0f624d3f,1377,,,Deep Learning for Audio Processing,Diffusion-Based Generative Models,Deep Learning for Text Data,Reinforcement Learning,Deploying ML Models in High-Load Systems,3D Computer Vision,Yes,0.16352201257861632,213.0,Security of LLM-Based Systems,True
2024-08-12 16:11:57.000,608ea5e2d96325dcbbd6fcf65e1dac13279c5f3fc2d0a2dc161cc8cd81616205,1257,,,Deep Learning for Audio Processing,Transformer and Multimodal Models,Diffusion-Based Generative Models,Reinforcement Learning,Theory and Practice of Online Experiments,Modern Language Models,Yes,0.389937106918239,211.0,ML System Design,True
2024-08-14 23:47:15.000,79675f74982b23ee6ee0767b75feb1bd9047a608316f77fee7d5f21c00d35254,1237,,,Operating Systems 2,Systems Design,Types in Programming Languages,Symbolic Computation,Industrial Programming in Haskell,Decentralized Systems,Yes,0.4276729559748428,213.0,Introduction to Differential Geometry,True
2024-08-14 20:18:18.000,bce06406a1723f572f3d0627c43aa1ddc970b321aa838a48adcd368e4cf26541,1433,,,Introduction to Data Platforms,Self-supervised Learning,Fundamentals of Computer Game Development,Theory and Practice of Online Experiments,Generative Models in Machine Learning,Reinforcement Learning,Yes,0.08176100628930816,218.0,Competitive Data Analysis,
2024-08-14 15:43:54.347,d66cc876ad8a21b5979f4afe4b194aa8864097536538ca94660fb6d7eb29cd22,1130,,,Deep Learning for Text Data,Deep Learning for Graph Data Analysis,Self-supervised Learning,Generative Models in Machine Learning,Theory and Practice of Online Experiments,Reinforcement Learning,Yes,0.5974842767295597,212.0,Security of LLM-Based Systems,True
2024-08-14 11:47:19.422,a54d1367c91fdd290f006ea398fba8e94d1ec9dcc342810f9b7080c9f70d73e3,1193,,,Types in Programming Languages,Statistical Learning Theory,Fundamentals of Tensor Computations,Symbolic Computation,Industrial Programming in Haskell,Special Topics in Matrix Analysis,Yes,0.4968553459119497,214.0,Introduction to Differential Geometry,
2024-08-12 15:21:32.167,6f6125f8647462c175f90939424b2e8fa1f1d0f431e31cad5e34631fbaccffb6,1101,,,Deep Learning for Audio Processing,Bayesian Methods in Machine Learning,Statistical Learning Theory,Reinforcement Learning,Theory and Practice of Online Experiments,Mathematical Foundations of Neural Network Models,Yes,0.6415094339622642,211.0,ML System Design,True
2024-08-14 15:21:36.029,f0be509325f2e4dde7f85e32621a357db8dbd07522142fee7c8602e6ea67bc06,1219,,,Deep Learning for Audio Processing,Transformer and Multimodal Models,Bayesian Methods in Machine Learning,Efficient Deep Learning Systems,Reinforcement Learning,Modern Language Models,No,0.4559748427672956,213.0,ML System Design,True
2024-08-11 22:02:49.422,80fdfc105279f32ebc30627fd681fe9dd532d1f269ef7450b7358867e6309c5c,1007,,,Systems Design,Computer Systems Security,Operating Systems 2,Industrial Programming in Haskell,Conflict and Cooperation (taught in English),Decentralized Systems,Yes,0.7861635220125787,215.0,Introduction to Differential Geometry,
2024-08-14 22:29:24.383,3db5dda5a5a2579577fdfbea5021fef144d41b43b197f56ba52ef158d1f7e13e,954,,,Systems Design,Fundamentals of Information Retrieval,Introduction to Data Platforms,Industrial Programming in Haskell,Media Data Compression and Transmission Methods,Deploying ML Models in High-Load Systems,Yes,0.8742138364779874,2110.0,ML System Design,
2024-08-15 00:13:45.063,f583485bad0154b01330fee4f80b91e28147483f3ff8719c20d8ec856edb1370,1471,,,Self-supervised Learning,Diffusion-Based Generative Models,Deep Learning for Audio Processing,Efficient Deep Learning Systems,Mathematical Foundations of Neural Network Models,Reinforcement Learning,Yes,0.037735849056603765,214.0,ML System Design,
2024-08-19 14:33:22.000,90191629df2aed9035aacf0e6a2532d41f34a60da6b365e65f85f9731dedb7e0,897,,,Systems Design,Software Systems Operations and Reliability,Operating Systems 2,Theory and Practice of Online Experiments,Media Data Compression and Transmission Methods,Decentralized Systems,No,0.9874213836477987,216.0,Zero-Knowledge Proof Protocols,
2024-08-12 16:24:24.000,17763b8aa144443ced896bc53bd51190b1c6663c314efecbb30bd2b657b4f053,926,,,Deep Learning for Text Data,Self-supervised Learning,Deep Learning for Audio Processing,Theory and Practice of Online Experiments,Decentralized Systems,Media Data Compression and Transmission Methods,Yes,0.9308176100628931,211.0,Security of LLM-Based Systems,True
2024-08-12 00:24:35.000,f4aaecf4df07eb258c398ed9b41ae26f334eca0b49491273d46c1b5a50013e42,1359,,,Systems Design,Software Systems Operations and Reliability,Operating Systems 2,Modern Language Models,Decentralized Systems,Deploying ML Models in High-Load Systems,No,0.2075471698113207,218.0,ML System Design,
2024-08-14 23:58:04.000,c14f28c20d41b0fc0d5685b6d215b39e4767291ddedb9db4bdf8aa0aedc73417,992,,,Operating Systems 2,Fundamentals of Information Retrieval,Scala Programming Language,Industrial Programming in Haskell,Media Data Compression and Transmission Methods,Symbolic Computation,Yes,0.8113207547169812,216.0,Zero-Knowledge Proof Protocols,
2024-08-14 23:15:47.260,ebc2505ac729ff1cc6c5fb016d061ad6f9f0ffff16b7fc7faf5d2b3a63f0cc7e,913,,,Self-supervised Learning,Bayesian Methods in Machine Learning,Deep Learning for Text Data,Reinforcement Learning,Stochastic Analysis,Theory and Practice of Online Experiments,Yes,0.9622641509433962,212.0,Product Approach to Data Analysis,True
2024-08-15 00:18:55.000,0f137538a170b64258c0e10839cadc325e5f22fc5bb5fa9e20b7351f0a680366,1219,,,Bayesian Methods in Machine Learning,Deep Learning for Audio Processing,Self-supervised Learning,Efficient Deep Learning Systems,Reinforcement Learning,Stochastic Analysis,No,0.4559748427672956,212.0,Introduction to Differential Geometry,True
2024-08-15 00:00:41.000,9eb3a2843ad66ca2dfd5560f81d1870d8b694a2025ca443b068bababa9181a21,961,,,Fundamentals of Information Retrieval,Operating Systems 2,Types in Programming Languages,Conflict and Cooperation (taught in English),Reinforcement Learning,Modern Language Models,Yes,0.8584905660377359,215.0,Product Approach to Data Analysis,
2024-08-14 20:50:28.000,3982de41a556b0c4d824494e28c35a5f235ce3c6c191c4e268dd087d08c4353c,1456,,,Deep Learning for Text Data,Transformer and Multimodal Models,Diffusion-Based Generative Models,Reinforcement Learning,Theory and Practice of Online Experiments,Theory and Practice of Online Experiments,Yes,0.053459119496855334,218.0,Product Approach to Data Analysis,
2024-08-14 22:14:41.000,3238a450b615f4f9d5a56180909e3e3bc4f0ba8e9f41de2a02bbd21b4b605e5b,979,,,Systems Design,Operating Systems 2,Scala Programming Language,Industrial Programming in Haskell,Deploying ML Models in High-Load Systems,Stochastic Analysis,Yes,0.8301886792452831,216.0,Zero-Knowledge Proof Protocols,
2024-08-14 20:18:28.000,e5843c0bb5667f44f6c2b9638d0d79c1251fa14fe17441f38b7985a456bc7568,1244,,,Bayesian Methods in Machine Learning,Self-supervised Learning,Deep Learning for Text Data,Deploying ML Models in High-Load Systems,Reinforcement Learning,Theory and Practice of Online Experiments,Yes,0.4088050314465409,212.0,Competitive Data Analysis,True
2024-08-14 20:43:41.000,627df859a144dd23e678284449e2e474f30c651f504664634e4a33ef81b8ebf0,1094,,,Bayesian Methods in Machine Learning,Self-supervised Learning,Fundamentals of Information Retrieval,Reinforcement Learning,Mathematical Foundations of Neural Network Models,3D Computer Vision,Yes,0.6477987421383649,211.0,Security of LLM-Based Systems,True
2024-08-13 20:09:29.000,7128ebc1d950a5ff9563b42e1cbede351b64fdc422c623084957941cc09eb4c1,1145,,,Deep Learning for Text Data,Bayesian Methods in Machine Learning,Transformer and Multimodal Models,3D Computer Vision,Symbolic Computation,Modern Language Models,Yes,0.5754716981132075,213.0,ML System Design,True
2024-08-14 21:56:13.346,8f0b264574b479dca95c4ea89a103d754e4a5557f9e71652afa6aeb29002d5cf,982,,,Deep Learning for Text Data,Fundamentals of Computer Game Development,Scala Programming Language,Deploying ML Models in High-Load Systems,Reinforcement Learning,Modern Language Models,Yes,0.8238993710691824,218.0,ML System Design,
2024-08-14 23:32:00.000,b55ee12209223cc0727cbbd56e8de89519c1d548186b23d4b8230f252ddc99d9,1341,,,Decision-Making Under Risk and Uncertainty,Computer Systems Security,Types in Programming Languages,Theory and Practice of Online Experiments,Decentralized Systems,Generative Models in Machine Learning,Yes,0.23899371069182385,218.0,Product Approach to Data Analysis,
2024-08-14 23:16:29.000,d7fda175534e0ce5a5014841824caaddf65d180adf7e4cf53b3f6ecbd0fcc9dd,1430,,,Systems Design,Introduction to Data Platforms,Computer Systems Security,Theory and Practice of Online Experiments,Conflict and Cooperation (taught in English),Media Data Compression and Transmission Methods,Yes,0.08805031446540879,218.0,Product Approach to Data Analysis,
2024-08-14 17:01:04.000,532a78c1cc336e7ecb1d4189f1e2498d81fa1094a4dc665d9edb9813bb38b5db,1270,,,Bayesian Methods in Machine Learning,Bayesian Methods in Machine Learning,Deep Learning for Text Data,Efficient Deep Learning Systems,Modern Language Models,Efficient Deep Learning Systems,No,0.3647798742138365,211.0,ML System Design,True
2024-08-14 19:40:53.473,71cdf72b8e619c41e6fb7175d683cc8be773d16cd73b0bc55726daaa135e7ae2,1367,,,Systems Design,Computer Systems Security,Fundamentals of Information Retrieval,Decentralized Systems,Deploying ML Models in High-Load Systems,Media Data Compression and Transmission Methods,Yes,0.18867924528301883,2110.0,ML System Design,
2024-08-14 11:18:13.362,626f3ae963a471fc69b71e2f5ac3f5f8de93c37c8d6bf08f2114acdc22fb52d8,1160,,,Systems Design,Operating Systems 2,Fundamentals of Information Retrieval,Industrial Programming in Haskell,Decentralized Systems,Media Data Compression and Transmission Methods,Yes,0.5534591194968553,216.0,Zero-Knowledge Proof Protocols,
2024-08-14 21:40:08.000,07816e53236a6a9993a3b100de9899fc601feb555445b2c71e06eb0202d915e1,999,,,Fundamentals of Information Retrieval,Introduction to Data Platforms,Scala Programming Language,Industrial Programming in Haskell,Media Data Compression and Transmission Methods,Reinforcement Learning,Yes,0.7955974842767295,215.0,Security of LLM-Based Systems,
2024-08-19 11:49:43.000,77b2b19d26b7f160c1938369197f7cac590b2e0cfcac3bf12c1b12daf973d38f,1232,,,Decision-Making Under Risk and Uncertainty,Fundamentals of Computer Game Development,Introduction to Data Platforms,Theory and Practice of Online Experiments,Conflict and Cooperation (taught in English),Decentralized Systems,Yes,0.44025157232704404,212.0,Competitive Data Analysis,
2024-08-13 14:58:30.000,6dafd9a56d08aeb419166d314b0cd6f3107ae5e8dbd636602cd0d295a20077ca,961,,,Fundamentals of Information Retrieval,Systems Design,Scala Programming Language,Industrial Programming in Haskell,Media Data Compression and Transmission Methods,Decentralized Systems,Yes,0.8584905660377359,215.0,Security of LLM-Based Systems,
2024-08-13 18:35:25.235,4bf710d7b89064e1a3cbcc69b7ca67c20d6181dc72ad3592039d366d078f9bd9,1374,,,Transformer and Multimodal Models,Deep Learning for Text Data,Self-supervised Learning,Reinforcement Learning,Modern Language Models,Deploying ML Models in High-Load Systems,Yes,0.16981132075471694,217.0,Product Approach to Data Analysis,
